channel,year,bookings,revenue,room_nights,share_of_revenue_pct,share_of_bookings_pct,adr
Direct,2024,53,30478.65,74,63.92,72.6,411.87
Airbnb,2024,18,15932.1,31,33.42,24.66,513.94
VRBO,2024,2,1268.4099999999999,3,2.66,2.74,422.8
Airbnb,2025,362,303470.35,598,24.05,25.89,507.48
Direct,2025,1000,914465.32,1763,72.47,71.53,518.7
VRBO,2025,36,43992.25,72,3.49,2.58,611.0
Direct,2026,271,222557.01,492,62.41,62.59,452.35
Airbnb,2026,149,117550.88,268,32.96,34.41,438.62
VRBO,2026,13,16503.15,31,4.63,3.0,532.36
