unit_id,year_month,bookings,room_nights,revenue,adr,min_adr,max_adr,p05_adr,p95_adr
Bluebonnet,2025-01,6,9,2404.42,267.16,184.64,344.0,192.83,331.5
Sage Safari,2025-01,8,10,3583.87,358.39,213.0,484.0,223.85,470.0
Lantana Dome,2025-01,6,8,2564.23,320.53,243.5,484.0,244.44,447.75
Spyglass,2025-01,7,7,2774.0,396.29,275.0,525.0,286.7,502.8
Pecan Haus,2025-01,7,9,1846.52,205.17,164.0,244.0,169.56,241.0
Buckeye Bungalow,2025-01,8,10,2943.7799999999997,294.38,213.0,409.0,214.54,402.35
Cedar Haus,2025-01,5,5,1216.45,243.29,156.45,314.0,168.76,310.0
Walnut House,2025-01,5,7,3388.0,484.0,274.0,784.0,274.0,744.0
Monarch,2025-01,6,7,3062.33,437.48,304.0,627.33,304.62,604.0
Live Oak Lodge,2025-01,6,6,2984.24,497.37,259.24,834.0,262.93,792.5
Juniper Haus,2025-01,7,10,2197.95,219.8,164.0,344.0,166.21,313.9
Cocoon,2025-01,2,3,784.0,261.33,213.0,285.5,216.62,281.88
Sage Safari,2025-02,13,21,9705.58,462.17,211.8,764.0,226.92,743.89
Monarch,2025-02,10,16,6993.65,437.1,305.0,683.1625,309.05,582.29
Spyglass,2025-02,10,18,8813.0,489.61,274.0,1032.0,287.5,1028.4
Pecan Haus,2025-02,9,12,3535.91,294.66,188.5,354.5,198.86,351.9
Live Oak Lodge,2025-02,18,24,11416.86,475.7,252.0,1297.045,267.1,708.81
Cedar Haus,2025-02,12,20,5879.47,293.97,176.3,529.09,187.26,486.14
Lantana Dome,2025-02,15,24,9400.08,391.67,217.39,1110.465,222.98,778.34
Cocoon,2025-02,13,21,7457.17,355.1,210.1,604.0,235.84,592.0
Bluebonnet,2025-02,7,10,2442.81,244.28,215.0,278.3333333333333,215.12,271.03
Walnut House,2025-02,12,21,11960.93,569.57,294.0,1659.0,294.0,1174.45
Juniper Haus,2025-02,7,8,1784.71,223.09,188.0,365.0,190.02,324.8
Buckeye Bungalow,2025-02,10,15,6763.0,450.87,244.0,790.0,262.45,750.85
Bluebonnet,2025-03,13,25,10199.12,407.96,176.92,765.0,214.17,592.4
Monarch,2025-03,17,27,17448.93,646.26,304.0,1334.0,342.4,1005.57
Live Oak Lodge,2025-03,12,29,16445.31,567.08,226.365,924.0,250.91,922.35
Buckeye Bungalow,2025-03,13,23,10622.66,461.85,211.66,798.0,222.66,778.2
Sage Safari,2025-03,14,24,11225.279999999999,467.72,227.0,876.0,228.95,715.77
Cocoon,2025-03,15,24,12494.74,520.61,212.42,808.0,229.85,802.4
Spyglass,2025-03,16,30,17781.0,592.7,256.5,1302.0,260.62,1124.25
Juniper Haus,2025-03,15,23,8730.24,379.58,201.0,833.0,211.93,656.24
Pecan Haus,2025-03,17,26,9172.11,352.77,186.0,833.0,198.0,649.0
Lantana Dome,2025-03,12,23,12172.369999999999,529.23,224.37,847.0,236.27,835.45
Walnut House,2025-03,14,23,14430.85,627.43,281.0,1029.0,302.94,957.5
Cedar Haus,2025-03,15,22,7911.62,359.62,183.22,640.5,197.77,595.35
Monarch,2025-04,17,31,22881.25,738.1,257.5,2229.0,292.3,1289.4
Bluebonnet,2025-04,13,24,9893.32,412.22,199.0,806.0,209.2,764.9
Spyglass,2025-04,16,21,13505.78,643.13,300.0,1345.39,310.5,1122.35
Cedar Haus,2025-04,14,21,6638.21,316.11,181.0,495.75,181.0,460.03
Lantana Dome,2025-04,14,23,11034.84,479.78,213.0,849.5,239.0,838.12
Cocoon,2025-04,12,22,11930.95,542.32,244.0,1208.0,246.75,1019.07
Walnut House,2025-04,15,21,14051.85,669.14,232.34,2229.0,259.4,1275.37
Live Oak Lodge,2025-04,12,20,13325.91,666.3,230.5,1290.0,270.92,1290.0
Pecan Haus,2025-04,15,22,8575.44,389.79,181.0,652.0,181.0,649.2
Sage Safari,2025-04,18,24,11830.78,492.95,168.78,1195.0,207.22,866.05
Juniper Haus,2025-04,18,24,7542.39,314.27,160.755,769.0,177.96,556.5
Buckeye Bungalow,2025-04,13,23,10467.52,455.11,186.52,864.5,194.91,830.6
Live Oak Lodge,2025-05,18,31,17454.7,563.05,178.775,1402.0,219.23,925.43
Juniper Haus,2025-05,16,23,7916.29,344.19,195.8,533.0,196.62,502.0
Monarch,2025-05,12,19,11818.4,622.02,303.0,1188.0,321.15,1110.45
Lantana Dome,2025-05,20,27,13210.18,489.27,225.5,1334.0,236.01,857.1
Pecan Haus,2025-05,13,27,9046.49,335.06,196.0,623.0,200.8,561.2
Sage Safari,2025-05,16,30,14365.07,478.84,243.0,1000.0,294.0,764.5
Spyglass,2025-05,17,27,15846.57,586.91,237.5,1145.0,258.7,1087.93
Buckeye Bungalow,2025-05,14,25,12413.19,496.53,234.0,1134.0,234.0,867.99
Bluebonnet,2025-05,10,19,7695.72,405.04,234.0,686.0,238.5,651.77
Walnut House,2025-05,13,23,12881.0,560.04,253.0,994.0,259.6,923.2
Cedar Haus,2025-05,16,24,7225.06,301.04,178.775,601.0,186.44,553.0
Cocoon,2025-05,14,24,11751.0,489.62,225.5,874.6666666666666,237.52,817.03
Cocoon,2025-06,14,26,9686.59,372.56,196.58,519.0,254.38,519.0
Sage Safari,2025-06,15,27,12241.7,453.4,218.2,749.0,253.48,743.4
Spyglass,2025-06,14,24,12517.52,521.56,254.0,1031.0,292.35,885.4
Diamond,2025-06,2,4,2287.2,571.8,278.2,669.6666666666666,297.77,650.09
Live Oak Lodge,2025-06,11,19,9590.05,504.74,312.5,672.5,328.25,656.75
Monarch,2025-06,15,24,12176.2,507.34,264.0,1031.0,264.0,924.6
Bluebonnet,2025-06,16,22,9097.0,413.5,235.33,642.0,241.83,632.0
Buckeye Bungalow,2025-06,12,24,10095.6,420.65,259.25,778.0,273.63,702.65
Pecan Haus,2025-06,12,22,8488.28,385.83,192.28,767.0,198.73,675.15
Lantana Dome,2025-06,13,24,11543.61,480.98,278.0,743.5,287.6,682.0
Cedar Haus,2025-06,13,18,5001.97,277.89,159.94,410.0,174.82,403.4
Walnut House,2025-06,13,22,9629.8,437.72,246.5,670.0,281.84,622.8
Juniper Haus,2025-06,15,26,7388.7,284.18,175.405,434.5,194.23,417.35
Monolith,2025-06,2,3,1507.0,502.33,440.0,627.0,449.35,617.65
Cypress Lodge | Sleeps 6,2025-06,1,1,587.0,587.0,587.0,587.0,587.0,587.0
Great Lodge: King Room,2025-06,3,3,862.0,287.33,211.0,377.0,217.3,366.7
Cypress Lodge | Sleeps 2,2025-06,2,3,772.0,257.33,229.0,314.0,233.25,309.75
Post Oak,2025-06,2,2,618.0,309.0,284.0,334.0,286.5,331.5
Winecup,2025-06,1,1,369.0,369.0,369.0,369.0,369.0,369.0
Quonset,2025-06,1,2,685.0,342.5,342.5,342.5,342.5,342.5
Monarch,2025-07,12,25,13184.529999999999,527.38,274.2,1118.0,297.19,980.5
Bluebonnet,2025-07,16,26,9007.39,346.44,186.2,682.5,208.11,649.88
Sage Safari,2025-07,13,26,10992.6,422.79,244.0,641.0,259.6,629.6
Spyglass,2025-07,19,30,14894.62,496.49,210.2,987.0,226.67,871.35
Cypress Lodge | Sleeps 2,2025-07,7,12,5349.0,445.75,203.0,865.0,203.3,722.5
Great Lodge: King Room,2025-07,48,71,24044.0,338.65,167.0,755.0,204.0,523.25
Walnut House,2025-07,13,27,12214.14,452.38,264.6,628.5,277.14,627.53
Winecup,2025-07,6,12,4745.21,395.43,227.0,692.3333333333334,237.05,618.12
Post Oak,2025-07,12,22,7576.25,344.38,170.2,594.0,183.01,563.2
Cocoon,2025-07,12,17,5240.98,308.29,174.0,505.0,201.5,437.9
Lantana Dome,2025-07,17,25,10102.78,404.11,216.0,714.3333333333334,222.4,667.75
Cedar Haus,2025-07,15,21,5354.24,254.96,167.42,431.605,187.29,367.48
Live Oak Lodge,2025-07,8,15,7990.0,532.67,263.0,701.0,310.6,687.7
Cypress Lodge | Sleeps 6,2025-07,6,10,5706.12,570.61,171.0,1209.67,194.25,1083.13
Buckeye Bungalow,2025-07,13,22,7153.2,325.15,224.0,560.0,224.0,534.8
Monolith,2025-07,25,46,23284.34,506.18,84.2,960.0,235.72,942.3
Cypress Lodge | Sleeps 4,2025-07,4,8,4394.0,549.25,204.0,865.0,208.95,821.8
Quonset,2025-07,18,31,12285.369999999999,396.3,204.33666666666667,720.0,216.12,696.48
Diamond,2025-07,16,25,11565.23,462.61,74.215,879.0,195.4,810.0
Pecan Haus,2025-07,4,6,1908.0,318.0,204.0,468.0,211.5,436.8
Juniper Haus,2025-07,5,7,1941.33,277.33,204.0,367.84,204.0,357.44
Spiral,2025-07,8,14,4983.28,355.95,216.08,483.0,234.95,456.66
Post Oak,2025-08,11,19,6205.5599999999995,326.61,176.55,557.0,196.61,484.25
Live Oak Lodge,2025-08,16,27,12542.37,464.53,217.4,1113.0,218.6,813.75
Sage Safari,2025-08,17,31,11153.95,359.8,191.0,619.0,216.6,554.73
Spyglass,2025-08,11,21,10031.81,477.71,215.66333333333333,805.0,217.53,712.0
Cedar Haus,2025-08,6,9,2889.3199999999997,321.04,253.5,353.03999999999996,268.88,350.78
Lantana Dome,2025-08,16,24,9915.28,413.14,175.0,818.0,201.25,668.75
Monarch,2025-08,13,23,11793.6,512.77,275.0,838.0,286.4,781.6
Quonset,2025-08,15,24,11245.35,468.56,306.5,664.0,331.35,652.1
Monolith,2025-08,28,53,27559.59,519.99,254.2,1043.0,280.6,918.52
Cypress Lodge | Sleeps 4,2025-08,7,12,5204.2,433.68,186.2,658.0,239.64,604.3
Buckeye Bungalow,2025-08,12,22,9205.65,418.44,221.8,786.0,222.46,783.8
Cypress Lodge | Sleeps 6,2025-08,4,7,4081.14,583.02,263.0,800.5,263.47,777.97
Juniper Haus,2025-08,10,14,4245.72,303.27,163.48,542.0,196.56,475.4
Diamond,2025-08,19,39,20743.41,531.88,209.455,841.4,257.65,831.59
Walnut House,2025-08,17,26,9902.01,380.85,114.41,729.0,124.0,715.0
Great Lodge: King Room,2025-08,45,76,24635.92,324.16,147.0,491.0,203.0,440.06
Winecup,2025-08,12,20,8998.55,449.93,266.26,572.5,266.67,570.39
Cocoon,2025-08,1,1,483.0,483.0,483.0,483.0,483.0,483.0
Cypress Lodge | Sleeps 2,2025-08,14,22,6936.28,315.29,203.0,499.46,203.0,454.64
Pecan Haus,2025-08,1,3,562.53,187.51,187.51,187.51,187.51,187.51
Spiral,2025-08,7,10,4291.97,429.2,217.4,712.0,219.08,680.55
Bluebonnet,2025-08,10,18,6472.0,359.56,223.0,696.5,231.1,579.5
Bluebonnet,2025-09,11,21,6910.65,329.08,201.0,611.0,212.5,511.12
Monarch,2025-09,15,21,9873.16,470.15,207.2,936.0,227.99,833.94
Live Oak Lodge,2025-09,12,25,12873.36,514.93,264.5,822.0,291.73,757.1
Juniper Haus,2025-09,8,14,3853.75,275.27,204.0,412.0,208.25,376.12
Sage Safari,2025-09,15,28,9878.8,352.81,224.0,717.0,224.0,582.6
Quonset,2025-09,17,27,8971.78,332.29,99.915,490.0,180.57,469.73
Spyglass,2025-09,19,27,11678.19,432.53,244.0,940.05,247.42,762.7
Pecan Haus,2025-09,5,10,2733.55,273.36,216.1375,376.0,218.41,370.7
Diamond,2025-09,28,51,21267.42,417.01,99.915,702.0,229.24,652.33
Winecup,2025-09,6,12,5052.34,421.03,321.5,464.6666666666667,344.12,463.88
Monolith,2025-09,29,49,21754.43,443.97,218.2,757.1999999999999,226.89,750.0
Post Oak,2025-09,11,17,5710.3,335.9,204.0,471.0,204.0,471.0
Cocoon,2025-09,7,9,2686.3,298.48,186.03,417.99,202.48,416.79
Walnut House,2025-09,13,22,8055.32,366.15,228.5,658.5,228.5,586.2
Cypress Lodge | Sleeps 4,2025-09,9,15,6681.18,445.41,177.54,675.0,207.54,672.2
Lantana Dome,2025-09,17,25,8663.84,346.55,186.2,611.0,186.2,564.6
Cedar Haus,2025-09,5,10,3121.2,312.12,204.0,493.0,213.07,459.0
Cypress Lodge | Sleeps 2,2025-09,14,26,8409.48,323.44,184.02,675.0,191.48,559.95
Buckeye Bungalow,2025-09,12,19,5940.67,312.67,186.2,539.5,194.19,531.52
Spiral,2025-09,7,15,6594.18,439.61,259.24,673.7,265.17,652.19
Great Lodge: King Room,2025-09,22,30,8890.19,296.34,187.5,427.0,204.57,421.41
Cypress Lodge | Sleeps 6,2025-09,7,9,3764.0,418.22,264.0,602.0,264.0,557.3
Spyglass,2025-10,13,27,19518.31,722.9,254.6,1564.3333333333333,349.04,1288.13
Cedar Haus,2025-10,12,18,5151.43,286.19,196.65,415.16,196.84,409.87
Live Oak Lodge,2025-10,12,26,22916.67,881.41,276.59999999999997,3192.026666666666,280.67,2063.23
Bluebonnet,2025-10,11,16,6285.32,392.83,183.4,674.0,184.8,596.5
Quonset,2025-10,23,39,25765.37,660.65,160.71,3192.026666666666,206.48,715.85
Monolith,2025-10,29,51,36915.65,723.84,259.8,1564.3333333333333,260.94,1287.23
Lantana Dome,2025-10,14,25,13108.84,524.35,204.51,929.465,217.18,907.06
Post Oak,2025-10,10,21,16571.98,789.14,161.6,3192.026666666666,180.68,2082.38
Cypress Lodge | Sleeps 4,2025-10,14,25,19256.46,770.26,224.98,3192.026666666666,250.34,1592.03
Walnut House,2025-10,12,26,19639.64,755.37,224.0,1564.3333333333333,236.81,1522.9
Monarch,2025-10,16,26,16101.66,619.29,244.0,1391.5,244.0,1175.88
Pecan Haus,2025-10,7,12,4520.57,376.71,222.0,549.16,228.3,532.31
Sage Safari,2025-10,14,31,17923.0,578.16,224.0,1473.0,250.65,1224.05
Winecup,2025-10,18,28,16325.56,583.06,195.99,1576.0,262.47,1576.0
Cypress Lodge | Sleeps 6,2025-10,7,12,7888.95,657.41,264.0,1042.975,288.0,989.13
Great Lodge: King Room,2025-10,50,101,32903.15,325.77,35.0,634.15,35.0,515.07
Spiral,2025-10,12,25,12687.16,507.49,262.0,908.0,263.1,811.4
Diamond,2025-10,31,52,27576.7,530.32,224.98,1001.0,254.04,911.5
Cypress Lodge | Sleeps 2,2025-10,20,31,11459.29,369.65,187.56,607.0,192.81,607.0
Buckeye Bungalow,2025-10,6,10,5405.45,540.54,242.0,657.0,269.38,653.0
Juniper Haus,2025-10,5,6,1741.29,290.21,203.2,376.8,211.62,365.14
Cocoon,2025-10,3,4,987.8,246.95,161.06,368.74,167.85,354.77
Live Oak Lodge,2025-11,14,27,14307.88,529.92,35.0,960.75,170.85,945.01
Buckeye Bungalow,2025-11,11,19,7806.139999999999,410.85,211.0,900.0,217.5,768.0
Sage Safari,2025-11,15,24,10859.62,452.48,183.0,999.0,204.35,885.83
Post Oak,2025-11,19,29,10275.34,354.32,166.04,633.5,168.57,596.6
Lantana Dome,2025-11,17,28,13576.64,484.88,224.0,999.0,238.4,776.6
Monarch,2025-11,13,31,16469.32,531.27,213.125,940.0,231.65,925.3
Cedar Haus,2025-11,11,14,5103.88,364.56,197.5,577.0,202.75,575.5
Monolith,2025-11,32,59,39344.08,666.85,234.2,1207.6666666666667,262.0,1150.5
Diamond,2025-11,34,66,31436.87,476.32,181.22,927.465,216.42,803.9
Spyglass,2025-11,15,30,14914.04,497.13,35.0,1036.0,185.85,833.7
Cypress Lodge | Sleeps 6,2025-11,8,15,8535.6,569.04,252.0,858.5,259.35,854.82
Great Lodge,2025-11,1,2,4700.0,2350.0,2350.0,2350.0,2350.0,2350.0
Quonset,2025-11,24,44,16956.73,385.38,166.04,754.5,202.47,704.88
Spiral,2025-11,13,22,13183.68,599.26,241.0,1919.0,242.8,1498.4
Walnut House,2025-11,17,25,12173.07,486.92,206.2,944.3333333333334,236.44,897.67
Great Lodge: King Room,2025-11,52,78,28263.37,362.35,168.85,1218.0,168.85,615.88
Pecan Haus,2025-11,7,13,4294.6,330.35,166.99,462.8,185.14,440.07
Cypress Lodge | Sleeps 2,2025-11,13,18,7518.79,417.71,166.04,1169.0,187.02,838.4
Bluebonnet,2025-11,12,19,8287.9,436.21,178.64,771.845,190.94,753.48
Winecup,2025-11,12,25,10412.449999999999,416.5,213.13333333333333,677.685,230.11,661.36
Cypress Lodge | Sleeps 4,2025-11,6,11,5182.08,471.1,255.0,1169.0,273.99,1006.19
Juniper Haus,2025-11,3,7,2130.04,304.29,272.2,312.27,275.81,311.88
Cocoon,2025-11,3,3,1338.76,446.25,191.0,706.76,216.0,680.18
Spyglass,2025-12,6,13,7215.0,555.0,344.0,763.5,374.5,726.21
Bluebonnet,2025-12,8,16,5599.32,349.96,224.0,453.0,233.21,451.84
Cypress Lodge | Sleeps 4,2025-12,9,19,7023.5599999999995,369.66,248.78,653.0,256.95,604.29
Diamond,2025-12,40,75,34349.22,457.99,220.05,1099.0,263.24,766.67
Sage Safari,2025-12,16,30,12779.289999999999,425.98,224.0,652.6666666666666,236.0,635.67
Monarch,2025-12,14,27,13871.91,513.77,244.0,919.5,277.8,867.82
Lantana Dome,2025-12,16,29,11068.57,381.67,186.715,712.35,214.68,642.34
Monolith,2025-12,22,50,31276.06,625.52,234.46,940.3333333333334,266.3,902.85
Cedar Haus,2025-12,15,16,5422.16,338.88,72.0,574.0,192.4,499.1
Winecup,2025-12,17,29,12380.74,426.92,224.0,1176.74,234.93,810.15
Live Oak Lodge,2025-12,16,29,13405.619999999999,462.26,244.0,1063.0,258.67,810.62
Great Lodge,2025-12,3,6,14611.27,2435.21,1777.64,3883.8,1869.6,3765.15
Buckeye Bungalow,2025-12,13,24,9024.53,376.02,224.0,589.0,224.0,586.55
Great Lodge: King Room,2025-12,43,83,63102.25,760.27,177.54,2396.3333333333335,204.0,2396.33
Post Oak,2025-12,13,21,7797.28,371.3,177.54,798.6,193.42,636.84
Walnut House,2025-12,14,30,13156.63,438.55,224.03333333333333,1063.0,237.01,819.57
Quonset,2025-12,25,46,21328.96,463.67,217.39,1777.64,237.1,717.5
Cypress Lodge | Sleeps 6,2025-12,11,23,17288.61,751.68,264.0,1600.125,264.0,1349.56
Cypress Lodge | Sleeps 2,2025-12,17,32,9539.43,298.11,177.54,484.41,177.54,473.68
Cocoon,2025-12,6,10,3450.95,345.1,216.76,514.285,234.2,501.57
Pecan Haus,2025-12,7,15,4742.4400000000005,316.16,213.0,431.5,230.76,407.02
Spiral,2025-12,13,23,8583.38,373.19,227.0,760.0,244.63,585.4
Juniper Haus,2025-12,4,6,1280.19,213.36,148.875,279.0,159.74,276.27
Live Oak Lodge,2026-01,12,28,12074.039999999999,431.22,275.0,741.0,281.6,652.17
Great Lodge,2026-01,2,4,9468.59,2367.15,2121.5,2612.795,2146.06,2588.23
Post Oak,2026-01,10,16,10071.470000000001,629.47,204.0,2612.795,223.8,1661.34
Spyglass,2026-01,14,23,10006.63,435.07,272.2,1090.0,274.02,785.07
Winecup,2026-01,15,25,10187.95,407.52,248.16,616.88,263.0,580.56
Cypress Lodge | Sleeps 4,2026-01,8,11,4390.3,399.12,252.17,616.88,258.48,568.97
Sage Safari,2026-01,13,21,8089.33,385.21,209.12,738.8,218.05,572.42
Monarch,2026-01,11,21,10509.75,500.46,236.6,963.6666666666666,255.8,896.83
Monolith,2026-01,23,42,18313.95,436.05,264.0,1040.1,267.28,850.4
Cypress Lodge | Sleeps 2,2026-01,15,26,7692.84,295.88,202.025,469.0,204.23,384.3
Spiral,2026-01,10,20,7674.6,383.73,252.0,522.6,252.44,519.63
Great Lodge: King Room,2026-01,25,46,14224.19,309.22,175.55,475.5,202.0,426.79
Diamond,2026-01,27,48,18401.19,383.36,142.245,629.0,217.36,525.7
Lantana Dome,2026-01,10,17,6298.93,370.53,199.715,759.0,211.45,612.75
Cedar Haus,2026-01,10,11,3251.18,295.56,229.0,453.4,232.74,409.57
Walnut House,2026-01,11,18,7017.76,389.88,275.0,580.675,278.85,566.84
Pecan Haus,2026-01,5,8,2249.41,281.18,175.55,362.86,193.88,355.24
Bluebonnet,2026-01,6,9,3285.06,365.01,224.0,586.0,246.88,537.25
Buckeye Bungalow,2026-01,9,18,6063.67,336.87,224.0,432.0,242.14,427.4
Quonset,2026-01,15,25,8907.0,356.28,257.25,474.0,269.68,457.2
Juniper Haus,2026-01,2,3,1035.0,345.0,235.0,565.0,251.5,548.5
Cypress Lodge | Sleeps 6,2026-01,4,7,3495.1,499.3,248.41,646.6966666666666,250.75,627.89
Cocoon,2026-01,4,8,2566.75,320.84,227.56,413.5,236.09,405.16
Cypress Lodge | Sleeps 2,2026-02,25,43,15298.11,355.77,165.37,833.0,177.89,758.4
Winecup,2026-02,24,39,14439.94,370.25,149.98,838.0,225.47,715.45
Post Oak,2026-02,17,26,9440.64,363.1,211.42,853.0,212.68,605.8
Diamond,2026-02,45,81,41708.38,514.92,208.58,1394.94,264.0,1202.0
Lantana Dome,2026-02,6,8,4440.59,555.07,247.0,931.0,256.37,872.24
Monarch,2026-02,16,27,14628.53,541.8,265.0,1117.73,265.0,1034.68
Sage Safari,2026-02,16,27,12052.96,446.41,215.41,949.0,215.49,926.5
Spyglass,2026-02,16,25,15220.23,608.81,200.01,1831.0,215.29,1318.75
Monolith,2026-02,31,55,35362.17,642.95,246.6,1615.0,260.19,1615.0
Cypress Lodge | Sleeps 4,2026-02,20,34,14799.44,435.28,181.96,768.0,181.96,748.05
Walnut House,2026-02,14,24,11875.76,494.82,238.32,1036.905,242.01,838.93
Great Lodge: King Room,2026-02,46,75,29594.05,394.59,221.0,848.0,225.25,690.95
Pecan Haus,2026-02,7,10,3343.87,334.39,180.87,536.0,187.81,510.8
Spiral,2026-02,13,22,12216.56,555.3,220.05,1368.5,246.42,1026.94
Live Oak Lodge,2026-02,13,24,11005.369999999999,458.56,201.82,919.0,204.51,864.4
Bluebonnet,2026-02,7,11,5268.0,478.91,243.0,855.0,243.0,829.2
Quonset,2026-02,21,31,14707.44,474.43,219.0,1201.0,224.0,1143.0
Cedar Haus,2026-02,10,15,4716.09,314.41,204.0,473.0,219.98,446.96
Juniper Haus,2026-02,4,7,2622.09,374.58,281.0,473.0,293.95,458.96
Buckeye Bungalow,2026-02,8,12,6985.93,582.16,236.0,983.31,250.0,882.93
Cypress Lodge | Sleeps 6,2026-02,5,6,1800.05,300.01,220.05,455.0,228.84,426.0
Cocoon,2026-02,2,2,796.0,398.0,352.0,444.0,356.6,439.4
Spyglass,2026-03,17,27,18311.8,678.21,265.0,1465.0,266.44,1271.4
Monarch,2026-03,16,33,22470.41,680.92,263.0,1325.0,296.75,1248.5
Live Oak Lodge,2026-03,17,27,16217.14,600.63,226.0,1393.0,239.6,1279.04
Sage Safari,2026-03,14,31,16950.29,546.78,188.52,951.6666666666666,204.28,925.02
Monolith,2026-03,34,55,37323.24,678.6,141.5,1626.0,238.17,1420.25
Diamond,2026-03,40,72,39764.51,552.28,141.5,1188.0,245.61,958.0
Walnut House,2026-03,15,30,18065.0,602.17,231.0,1248.0,235.2,992.5
Post Oak,2026-03,16,24,8726.69,363.61,137.0,642.0,168.16,596.25
Cypress Lodge | Sleeps 2,2026-03,22,38,15787.13,415.45,149.88,650.29,180.96,640.36
Quonset,2026-03,20,42,20524.76,488.68,220.38,881.5,238.7,767.03
Cypress Lodge | Sleeps 4,2026-03,12,25,11850.31,474.01,203.0,795.0,208.93,752.1
Bluebonnet,2026-03,12,22,11537.0,524.41,224.0,862.0,225.65,846.32
Cypress Lodge | Sleeps 6,2026-03,8,17,10716.31,630.37,240.61,1482.85,283.8,1209.55
Spiral,2026-03,17,28,11652.4,416.16,226.7,773.0,265.34,669.8
Buckeye Bungalow,2026-03,15,27,13545.3,501.68,198.8,945.0,209.16,868.7
Great Lodge: King Room,2026-03,81,122,42205.34,345.95,110.14,721.0,174.68,553.33
Cedar Haus,2026-03,9,18,6083.49,337.97,212.43,519.3333333333334,224.14,457.2
Lantana Dome,2026-03,13,19,8010.72,421.62,201.12,802.5,211.25,630.3
Winecup,2026-03,20,38,15269.46,401.83,110.14,721.5,197.54,624.15
Pecan Haus,2026-03,9,17,4699.3099999999995,276.43,137.0,461.49,153.66,455.89
Cocoon,2026-03,8,13,4381.5,337.04,201.5,687.0,207.62,633.45
Juniper Haus,2026-03,9,13,4567.07,351.31,182.23,444.6666666666667,191.34,434.8
Lantana Dome,2026-04,19,26,12697.47,488.36,169.66,1042.0,214.07,979.9
Live Oak Lodge,2026-04,17,28,14619.24,522.12,207.3,992.0,212.18,884.8
Spiral,2026-04,15,25,11577.55,463.1,249.0,804.0,262.3,785.8
Post Oak,2026-04,11,20,8662.0,433.1,178.24,1140.15,192.12,861.08
Cypress Lodge | Sleeps 4,2026-04,13,25,10854.91,434.2,232.0,682.45,235.0,631.78
Walnut House,2026-04,20,30,13832.28,461.08,218.0,936.21,225.55,779.74
Great Lodge: King Room,2026-04,68,128,43738.35,341.71,122.09,642.56,162.71,542.6
Monarch,2026-04,15,28,12970.94,463.25,203.65,739.46,211.94,669.49
Spyglass,2026-04,18,28,14918.18,532.79,194.27,1321.5,209.28,1161.84
Cedar Haus,2026-04,14,22,8715.46,396.16,135.23,1140.15,160.27,727.52
Monolith,2026-04,32,60,37507.98,625.13,204.8,1394.0,279.48,1295.74
Bluebonnet,2026-04,15,19,7387.34,388.81,156.26,699.0,158.18,678.0
Cypress Lodge | Sleeps 6,2026-04,4,6,3313.56,552.26,279.0,796.7066666666666,279.75,731.27
Sage Safari,2026-04,16,27,12718.99,471.07,159.82,948.0,177.97,838.12
Buckeye Bungalow,2026-04,15,23,9528.3,414.27,185.3,753.0,199.79,719.17
Winecup,2026-04,20,37,16251.49,439.23,148.0,1050.0,166.23,871.4
Cypress Lodge | Sleeps 2,2026-04,25,43,13496.96,313.88,159.12,683.5,161.74,604.93
Pecan Haus,2026-04,10,18,6995.1,388.62,124.55,594.3333333333334,142.1,554.13
Quonset,2026-04,23,38,15064.73,396.44,173.59,826.0,198.55,620.49
Diamond,2026-04,34,66,34324.96,520.08,263.0,1235.0,280.95,1016.73
Juniper Haus,2026-04,9,14,4761.78,340.13,107.875,567.0,145.52,550.8
Cocoon,2026-04,13,22,8218.1,373.55,172.37,931.425,186.21,856.77
Sage Safari,2026-05,14,23,11317.1,492.05,259.0,853.0,273.95,845.85
Cypress Lodge | Sleeps 6,2026-05,5,12,11629.2,969.1,513.6666666666666,1724.0,525.57,1678.76
Live Oak Lodge,2026-05,13,25,17697.17,707.89,387.82,1169.0,412.53,1098.2
Diamond,2026-05,29,56,31542.71,563.26,305.445,1033.0,327.02,1020.1
Monolith,2026-05,27,52,37707.01,725.13,378.0,1411.0,397.34,1197.35
Lantana Dome,2026-05,9,15,5656.91,377.13,281.0,597.0,294.2,535.4
Cypress Lodge | Sleeps 4,2026-05,9,14,11363.77,811.7,185.0,1724.0,193.35,1511.2
Post Oak,2026-05,18,29,10380.61,357.95,173.59,621.19,198.84,574.53
Monarch,2026-05,15,26,17236.5,662.94,352.7,1160.0,360.26,1142.5
Cypress Lodge | Sleeps 2,2026-05,14,25,10489.86,419.59,164.0,578.375,195.1,565.3
Spiral,2026-05,13,24,13041.44,543.39,271.25,1029.755,271.7,896.1
Cedar Haus,2026-05,10,18,6474.13,359.67,203.655,535.0,217.76,519.7
Spyglass,2026-05,12,22,14451.21,656.87,402.0,2208.0,418.5,1572.57
Pecan Haus,2026-05,8,15,5596.77,373.12,207.385,535.0,214.25,510.15
Walnut House,2026-05,13,25,15348.78,613.95,292.94,1035.0,307.98,972.45
Great Lodge: King Room,2026-05,79,126,43645.26,346.39,131.0,692.0,166.2,588.6
Juniper Haus,2026-05,10,15,6122.71,408.18,200.91,676.0,210.33,645.17
Quonset,2026-05,15,25,11876.64,475.07,35.0,775.6666666666666,157.5,764.87
Buckeye Bungalow,2026-05,13,20,8123.42,406.17,210.0,732.48,259.2,663.79
Cocoon,2026-05,13,23,13760.17,598.27,203.0,2208.0,244.5,1375.2
Winecup,2026-05,18,32,16759.23,523.73,244.65,1387.0,252.6,974.75
Bluebonnet,2026-05,8,18,8353.97,464.11,333.0,727.2333333333332,334.75,634.4
Monolith,2026-06,29,58,34141.88,588.65,324.0,1797.0,332.72,1059.76
Live Oak Lodge,2026-06,11,21,15095.039999999999,718.81,346.0,1316.1,361.95,1173.88
Post Oak,2026-06,12,24,9244.33,385.18,250.0,504.6666666666667,257.15,501.18
Spyglass,2026-06,13,25,14813.82,592.55,228.36,989.0,286.22,967.2
Winecup,2026-06,20,39,15611.17,400.29,238.66666666666663,830.6,243.73,632.43
Cedar Haus,2026-06,8,17,5316.59,312.74,227.0,541.0,228.87,493.29
Spiral,2026-06,19,29,11464.5,395.33,225.63,762.0,242.16,723.3
Monarch,2026-06,15,26,12485.02,480.19,277.0,725.0,281.9,720.1
Cypress Lodge | Sleeps 2,2026-06,21,37,12821.869999999999,346.54,191.91,596.0,228.71,543.18
Buckeye Bungalow,2026-06,11,16,6000.03,375.0,230.3,649.0,232.94,630.0
Great Lodge,2026-06,1,3,10845.67,3615.22,3615.223333333334,3615.223333333334,3615.22,3615.22
Pecan Haus,2026-06,14,22,6695.87,304.36,186.07,419.0,187.65,415.1
Sage Safari,2026-06,17,26,10704.74,411.72,211.43,742.6333333333333,221.49,714.13
Diamond,2026-06,42,86,40965.65,476.34,164.0,921.0,281.25,758.82
Quonset,2026-06,25,43,16360.85,380.48,148.1,731.0,221.9,703.68
Great Lodge: King Room,2026-06,83,151,44002.66,291.41,165.01,588.0,172.67,479.45
Juniper Haus,2026-06,11,16,5112.42,319.53,204.0,421.74,213.5,406.47
Lantana Dome,2026-06,5,8,3560.25,445.03,316.0,781.0,316.6,727.0
Cocoon,2026-06,13,22,9927.22,451.24,224.0,750.0,224.0,692.7
Walnut House,2026-06,18,29,12952.75,446.65,242.83,822.3333333333334,243.01,754.42
Cypress Lodge | Sleeps 6,2026-06,2,5,4501.33,900.27,700.0,1033.7766666666666,716.69,1017.09
Bluebonnet,2026-06,12,22,8082.1,367.37,173.76,636.0,216.94,581.55
Cypress Lodge | Sleeps 4,2026-06,9,15,8211.14,547.41,195.555,849.0,236.13,798.8
Monolith,2026-07,32,61,34284.13,562.03,267.91,1243.0,293.94,1023.85
Live Oak Lodge,2026-07,10,25,16268.61,650.74,364.2033333333333,1012.6666666666666,392.91,980.42
Diamond,2026-07,51,90,43099.67,478.89,143.62,943.5,252.85,878.25
Post Oak,2026-07,16,32,9183.19,286.97,173.69,518.0,179.08,477.5
Monarch,2026-07,13,27,14175.14,525.01,219.69333333333336,897.0,249.88,849.37
Great Lodge: King Room,2026-07,68,125,34353.43,274.83,149.79,439.5,162.9,388.87
Spiral,2026-07,16,30,10891.22,363.04,226.54,771.0,239.64,555.75
Sage Safari,2026-07,18,31,12447.05,401.52,183.6,777.5,199.49,766.88
Great Lodge,2026-07,3,7,19456.870000000003,2779.55,1466.0,4188.84,1517.32,3967.87
Spyglass,2026-07,16,28,15439.55,551.41,256.0,957.0,268.0,928.5
Walnut House,2026-07,12,23,11117.65,483.38,194.27,773.0,194.94,739.63
Buckeye Bungalow,2026-07,16,27,10048.17,372.15,192.71,817.0,216.18,617.25
Cypress Lodge | Sleeps 2,2026-07,25,45,13901.87,308.93,158.13,653.0,169.66,473.4
Bluebonnet,2026-07,12,22,9350.12,425.01,211.4,781.0,217.16,722.15
Cedar Haus,2026-07,10,19,5816.24,306.12,199.98333333333335,725.0,201.79,593.36
Juniper Haus,2026-07,15,25,7640.04,305.6,179.96,479.0,196.79,466.4
Lantana Dome,2026-07,15,25,9028.04,361.12,188.9,777.9,195.44,706.57
Pecan Haus,2026-07,14,26,7146.74,274.87,149.79,485.0,154.18,462.12
Cypress Lodge | Sleeps 4,2026-07,16,35,16589.86,474.0,218.33333333333337,761.5,240.58,734.12
Quonset,2026-07,34,59,21733.36,368.36,81.155,736.5,192.83,640.3
Winecup,2026-07,25,48,19791.87,412.33,201.16,679.0,217.76,647.1
Cocoon,2026-07,13,22,7551.0,343.23,185.39333333333332,674.0,196.62,622.7
Cypress Lodge | Sleeps 6,2026-07,4,5,4135.79,827.16,519.0,1058.0,538.02,1042.77
Monarch,2026-08,8,18,6910.48,383.92,255.0,602.0,262.91,564.2
Cypress Lodge | Sleeps 2,2026-08,18,34,10638.35,312.89,181.32,524.5,184.8,488.37
Live Oak Lodge,2026-08,13,24,12799.1,533.3,314.0,1005.6,314.0,894.84
Post Oak,2026-08,14,22,6266.06,284.82,170.18,434.0,192.16,411.9
Spiral,2026-08,12,24,7724.53,321.86,226.12,508.0,237.65,434.71
Spyglass,2026-08,16,27,11418.289999999999,422.9,224.15,891.75,245.04,704.94
Buckeye Bungalow,2026-08,7,12,4150.1,345.84,224.0,551.0,234.8,527.6
Diamond,2026-08,32,60,27418.170000000002,456.97,231.89,757.0,262.52,726.17
Winecup,2026-08,12,24,7813.32,325.56,217.165,542.0,223.98,521.83
Cocoon,2026-08,12,24,8460.23,352.51,216.41,614.0,220.58,520.5
Cypress Lodge | Sleeps 4,2026-08,12,21,10068.029999999999,479.43,238.0,810.5,246.46,761.82
Monolith,2026-08,23,43,23478.35,546.01,262.87,1038.0,269.05,869.26
Walnut House,2026-08,15,26,9743.37,374.74,204.77,683.5,211.76,604.05
Sage Safari,2026-08,13,20,7257.7300000000005,362.89,181.97,670.41,196.24,574.13
Quonset,2026-08,15,31,11885.66,383.41,204.77,616.0,227.59,601.29
Lantana Dome,2026-08,13,19,7112.92,374.36,204.01,615.5,208.19,612.76
Juniper Haus,2026-08,7,11,3501.98,318.36,205.79,411.0,220.25,400.8
Cedar Haus,2026-08,8,13,4485.27,345.02,191.49,463.0,207.07,436.75
Great Lodge: King Room,2026-08,47,70,21724.81,310.35,158.13,633.0,194.9,480.78
Bluebonnet,2026-08,9,18,5977.4400000000005,332.08,228.19000000000003,482.435,231.11,481.06
Pecan Haus,2026-08,9,16,4683.35,292.71,97.0,429.0,150.87,408.2
Spyglass,2026-09,10,21,11552.58,550.12,327.3333333333333,1318.0,340.46,1164.1
Monolith,2026-09,8,22,13875.3,630.7,435.0,818.725,475.6,787.93
Cypress Lodge | Sleeps 6,2026-09,2,3,4099.0,1366.33,1365.0,1367.0,1365.1,1366.9
Buckeye Bungalow,2026-09,5,10,4687.0,468.7,261.0,697.0,266.6,680.87
Live Oak Lodge,2026-09,8,21,12735.0,606.43,336.0,876.6666666666666,344.87,827.55
Sage Safari,2026-09,6,14,7170.25,512.16,297.0,676.7,318.9,654.36
Walnut House,2026-09,5,12,5418.8099999999995,451.57,217.515,894.05,221.16,838.31
Juniper Haus,2026-09,3,7,3140.7,448.67,413.35,522.6,414.31,512.63
Monarch,2026-09,5,12,5944.26,495.36,337.5,675.385,349.35,659.78
Cypress Lodge | Sleeps 2,2026-09,4,9,3770.48,418.94,256.8,497.0,278.08,484.45
Diamond,2026-09,8,19,11935.33,628.18,333.5,1091.85,338.94,1036.02
Cocoon,2026-09,2,3,1448.0,482.67,344.0,552.0,354.4,541.6
Spiral,2026-09,3,7,3227.66,461.09,323.0,625.0,341.13,612.93
Great Lodge: King Room,2026-09,7,16,8214.14,513.38,357.07,667.0,360.95,667.0
Post Oak,2026-09,8,15,4733.7,315.58,155.42,461.0,192.2,437.12
Lantana Dome,2026-09,1,2,757.7,378.85,378.85,378.85,378.85,378.85
Bluebonnet,2026-09,2,6,1467.3799999999999,244.56,185.91,273.89,190.31,269.49
Cedar Haus,2026-09,4,14,5163.81,368.84,329.6125,494.31,329.9,477.57
Pecan Haus,2026-09,3,6,2145.42,357.57,342.76,376.95,343.78,374.56
Quonset,2026-09,3,8,4735.28,591.91,529.5,669.64,540.45,666.58
Great Lodge,2026-09,1,2,3300.0,1650.0,1650.0,1650.0,1650.0,1650.0
Winecup,2026-09,1,2,1804.0,902.0,902.0,902.0,902.0,902.0
Monarch,2026-10,3,7,5075.0199999999995,725.0,378.14,1078.9133333333332,394.43,1025.12
Juniper Haus,2026-10,1,3,1826.55,608.85,608.85,608.85,608.85,608.85
Spyglass,2026-10,4,13,11712.4,900.95,478.6666666666667,1510.45,498.02,1494.73
Monolith,2026-10,6,17,12375.1,727.95,506.0,1263.3333333333333,512.33,1130.17
Post Oak,2026-10,6,14,6508.7,464.91,346.1,627.25,355.58,605.27
Sage Safari,2026-10,6,12,6748.82,562.4,354.0,884.91,382.62,882.18
Pecan Haus,2026-10,2,4,1469.76,367.44,247.78,487.1,259.75,475.13
Buckeye Bungalow,2026-10,1,2,1648.0,824.0,824.0,824.0,824.0,824.0
Cypress Lodge | Sleeps 2,2026-10,5,13,6249.89,480.76,424.62,558.0,431.16,546.87
Spiral,2026-10,6,16,8103.0,506.44,332.0,640.0,345.25,627.88
Walnut House,2026-10,5,13,11770.35,905.41,453.5,1405.6666666666667,507.87,1313.93
Bluebonnet,2026-10,2,5,3105.2,621.04,414.5,758.7333333333332,431.71,741.52
Cocoon,2026-10,2,4,2471.0,617.75,588.0,647.5,590.98,644.52
Diamond,2026-10,5,12,9135.45,761.29,406.0,1405.6666666666667,412.76,1314.93
Great Lodge: King Room,2026-10,7,22,9492.61,431.48,306.69,585.6666666666666,312.14,579.06
Cedar Haus,2026-10,2,6,2495.7799999999997,415.96,400.9266666666667,431.0,402.43,429.5
Live Oak Lodge,2026-10,2,5,3094.3,618.86,423.7,911.6,448.1,887.2
Winecup,2026-10,1,2,1006.1,503.05,503.05,503.05,503.05,503.05
Quonset,2026-10,1,3,4217.0,1405.67,1405.6666666666667,1405.6666666666667,1405.67,1405.67
Lantana Dome,2026-10,1,2,1831.8,915.9,915.9,915.9,915.9,915.9
Live Oak Lodge,2026-11,3,9,5826.65,647.41,476.5,804.8833333333333,504.15,799.7
Sage Safari,2026-11,5,15,6840.0,456.0,325.75,575.75,339.0,565.6
Spyglass,2026-11,1,4,1919.3,479.82,479.825,479.825,479.82,479.82
Walnut House,2026-11,1,4,1999.55,499.89,499.8875,499.8875,499.89,499.89
Post Oak,2026-11,3,7,2445.73,349.39,245.295,420.6333333333334,255.43,413.23
Lantana Dome,2026-11,1,5,1939.0,387.8,387.8,387.8,387.8,387.8
Diamond,2026-11,4,7,3339.55,477.08,367.1,919.35,369.34,850.6
Great Lodge,2026-11,1,2,5868.0,2934.0,2934.0,2934.0,2934.0,2934.0
Spiral,2026-11,4,8,3339.2,417.4,288.0,489.0,305.94,488.4
Bluebonnet,2026-11,1,2,471.4,235.7,235.7,235.7,235.7,235.7
Buckeye Bungalow,2026-11,1,2,632.0,316.0,316.0,316.0,316.0,316.0
Monolith,2026-11,2,5,3734.6,746.92,560.55,871.1666666666666,576.08,855.64
Cypress Lodge | Sleeps 2,2026-11,2,6,2583.0,430.5,287.6666666666667,573.3333333333334,301.95,559.05
Monarch,2026-11,1,1,1161.0,1161.0,1161.0,1161.0,1161.0,1161.0
Cocoon,2026-11,1,2,1026.0,513.0,513.0,513.0,513.0,513.0
Sage Safari,2026-12,6,12,4338.43,361.54,218.895,579.525,232.67,537.5
Cedar Haus,2026-12,2,4,1361.46,340.36,261.23,419.5,269.14,411.59
Buckeye Bungalow,2026-12,1,2,1170.0,585.0,585.0,585.0,585.0,585.0
Spyglass,2026-12,5,11,5700.9400000000005,518.27,246.79,812.9533333333334,255.16,810.08
Live Oak Lodge,2026-12,2,5,3133.3500000000004,626.67,508.2166666666667,804.35,523.02,789.54
Spiral,2026-12,3,7,3481.01,497.29,263.12,666.7166666666667,284.54,647.78
Juniper Haus,2026-12,1,2,534.0,267.0,267.0,267.0,267.0,267.0
Walnut House,2026-12,1,3,1551.7,517.23,517.2333333333333,517.2333333333333,517.23,517.23
Monolith,2026-12,1,2,2042.0,1021.0,1021.0,1021.0,1021.0,1021.0
Post Oak,2026-12,1,4,1378.53,344.63,344.6325,344.6325,344.63,344.63
Monarch,2026-12,1,3,1688.5,562.83,562.8333333333334,562.8333333333334,562.83,562.83
