date,day_of_week,Deluxe Villa (2BR/1BA),House (6BR/4BA),J.MT. Villa (3BR/2BA),Premier Villa (3BR/3BA),Premium Villa (2BR/2BA),Suite BIG (1BR/1BA),Suite SMALL (1BR/1BA),Villa Game (2BR/2BA),notes
2027-03-08,Monday,572,1393,996,1061,726,459,349,801,
2027-03-09,Tuesday,572,1393,996,1061,726,459,349,801,
2027-03-10,Wednesday,594,1443,1029,1097,753,477,363,830,
2027-03-11,Thursday,706,1690,1198,1277,886,562,436,976,
2027-03-12,Friday,706,1690,1198,1277,886,562,436,976,
2027-03-13,Saturday,736,1757,1243,1324,922,585,455,1015,
2027-03-14,Sunday,609,1476,1052,1121,771,488,373,850,
2027-03-15,Monday,572,1393,996,1061,726,459,349,801,
2027-03-16,Tuesday,572,1393,996,1061,726,459,349,801,
2027-03-17,Wednesday,594,1443,1029,1097,753,477,363,830,
2027-03-18,Thursday,706,1690,1198,1277,886,562,436,976,
2027-03-19,Friday,706,1690,1198,1277,886,562,436,976,
2027-03-20,Saturday,736,1757,1243,1324,922,585,455,1015,
2027-03-21,Sunday,609,1476,1052,1121,771,488,373,850,
2027-03-22,Monday,572,1393,996,1061,726,459,349,801,
2027-03-23,Tuesday,572,1393,996,1061,726,459,349,801,
2027-03-24,Wednesday,594,1443,1029,1097,753,477,363,830,
2027-03-25,Thursday,706,1690,1198,1277,886,562,436,976,
2027-03-26,Friday,706,1690,1198,1277,886,562,436,976,
2027-03-27,Saturday,736,1757,1243,1324,922,585,455,1015,
2027-03-28,Sunday,609,1476,1052,1121,771,488,373,850,
2027-03-29,Monday,572,1393,996,1061,726,459,349,801,
2027-03-30,Tuesday,572,1393,996,1061,726,459,349,801,
2027-03-31,Wednesday,594,1443,1029,1097,753,477,363,830,
2027-04-01,Thursday,830,1966,1418,1449,1035,657,517,1127,
2027-04-02,Friday,830,1966,1418,1449,1035,657,517,1127,
2027-04-03,Saturday,859,2032,1465,1498,1070,680,536,1165,
2027-04-04,Sunday,733,1751,1269,1294,919,583,454,1002,
2027-04-05,Monday,696,1668,1211,1234,874,555,429,954,
2027-04-06,Tuesday,696,1668,1211,1234,874,555,429,954,
2027-04-07,Wednesday,718,1718,1246,1270,901,572,444,983,
2027-04-08,Thursday,830,1966,1418,1449,1035,657,517,1127,
2027-04-09,Friday,830,1966,1418,1449,1035,657,517,1127,
2027-04-10,Saturday,859,2032,1465,1498,1070,680,536,1165,
2027-04-11,Sunday,733,1751,1269,1294,919,583,454,1002,
2027-04-12,Monday,696,1668,1211,1234,874,555,429,954,
2027-04-13,Tuesday,696,1668,1211,1234,874,555,429,954,
2027-04-14,Wednesday,718,1718,1246,1270,901,572,444,983,
2027-04-15,Thursday,830,1966,1418,1449,1035,657,517,1127,
2027-04-16,Friday,830,1966,1418,1449,1035,657,517,1127,
2027-04-17,Saturday,859,2032,1465,1498,1070,680,536,1165,
2027-04-18,Sunday,733,1751,1269,1294,919,583,454,1002,
2027-04-19,Monday,696,1668,1211,1234,874,555,429,954,
2027-04-20,Tuesday,696,1668,1211,1234,874,555,429,954,
2027-04-21,Wednesday,718,1718,1246,1270,901,572,444,983,
2027-04-22,Thursday,830,1966,1418,1449,1035,657,517,1127,
2027-04-23,Friday,830,1966,1418,1449,1035,657,517,1127,
2027-04-24,Saturday,859,2032,1465,1498,1070,680,536,1165,
2027-04-25,Sunday,733,1751,1269,1294,919,583,454,1002,
2027-04-26,Monday,696,1668,1211,1234,874,555,429,954,
2027-04-27,Tuesday,696,1668,1211,1234,874,555,429,954,
2027-04-28,Wednesday,718,1718,1246,1270,901,572,444,983,
2027-04-29,Thursday,830,1966,1418,1449,1035,657,517,1127,
2027-04-30,Friday,830,1966,1418,1449,1035,657,517,1127,
2027-05-01,Saturday,830,2032,1417,1485,1033,656,516,1136,
2027-05-02,Sunday,704,1751,1221,1280,882,559,434,971,
2027-05-03,Monday,666,1668,1163,1220,838,531,409,923,
2027-05-04,Tuesday,666,1668,1163,1220,838,531,409,923,
2027-05-05,Wednesday,688,1718,1198,1256,864,548,424,952,
2027-05-06,Thursday,800,1966,1370,1437,998,634,496,1097,
2027-05-07,Friday,800,1966,1370,1437,998,634,496,1097,
2027-05-08,Saturday,830,2032,1417,1485,1033,656,516,1136,
2027-05-09,Sunday,704,1751,1221,1280,882,559,434,971,
2027-05-10,Monday,666,1668,1163,1220,838,531,409,923,
2027-05-11,Tuesday,666,1668,1163,1220,838,531,409,923,
2027-05-12,Wednesday,688,1718,1198,1256,864,548,424,952,
2027-05-13,Thursday,800,1966,1370,1437,998,634,496,1097,
2027-05-14,Friday,800,1966,1370,1437,998,634,496,1097,
2027-05-15,Saturday,830,2032,1417,1485,1033,656,516,1136,
2027-05-16,Sunday,704,1751,1221,1280,882,559,434,971,
2027-05-17,Monday,666,1668,1163,1220,838,531,409,923,
2027-05-18,Tuesday,666,1668,1163,1220,838,531,409,923,
2027-05-19,Wednesday,688,1718,1198,1256,864,548,424,952,
2027-05-20,Thursday,800,1966,1370,1437,998,634,496,1097,
2027-05-21,Friday,800,1966,1370,1437,998,634,496,1097,
2027-05-22,Saturday,830,2032,1417,1485,1033,656,516,1136,
2027-05-23,Sunday,704,1751,1221,1280,882,559,434,971,
2027-05-24,Monday,666,1668,1163,1220,838,531,409,923,
2027-05-25,Tuesday,666,1668,1163,1220,838,531,409,923,
2027-05-26,Wednesday,688,1718,1198,1256,864,548,424,952,
2027-05-27,Thursday,800,1966,1370,1437,998,634,496,1097,
2027-05-28,Friday,800,1966,1370,1437,998,634,496,1097,
2027-05-29,Saturday,830,2032,1417,1485,1033,656,516,1136,
2027-05-30,Sunday,704,1751,1221,1280,882,559,434,971,
2027-05-31,Monday,666,1668,1163,1220,838,531,409,923,
2027-06-01,Tuesday,604,1393,996,1081,763,483,369,842,
2027-06-02,Wednesday,626,1443,1029,1116,790,501,383,871,
2027-06-03,Thursday,738,1690,1198,1295,923,586,456,1016,
2027-06-04,Friday,738,1690,1198,1295,923,586,456,1016,
2027-06-05,Saturday,768,1757,1243,1343,959,609,475,1055,
2027-06-06,Sunday,641,1476,1052,1140,808,512,393,890,
2027-06-07,Monday,604,1393,996,1081,763,483,369,842,
2027-06-08,Tuesday,604,1393,996,1081,763,483,369,842,
2027-06-09,Wednesday,626,1443,1029,1116,790,501,383,871,
2027-06-10,Thursday,738,1690,1198,1295,923,586,456,1016,
2027-06-11,Friday,738,1690,1198,1295,923,586,456,1016,
2027-06-12,Saturday,768,1757,1243,1343,959,609,475,1055,
2027-06-13,Sunday,641,1476,1052,1140,808,512,393,890,
2027-06-14,Monday,604,1393,996,1081,763,483,369,842,
2027-06-15,Tuesday,604,1393,996,1081,763,483,369,842,
2027-06-16,Wednesday,626,1443,1029,1116,790,501,383,871,
2027-06-17,Thursday,738,1690,1198,1295,923,586,456,1016,
2027-06-18,Friday,738,1690,1198,1295,923,586,456,1016,
2027-06-19,Saturday,768,1757,1243,1343,959,609,475,1055,
2027-06-20,Sunday,641,1476,1052,1140,808,512,393,890,
2027-06-21,Monday,604,1393,996,1081,763,483,369,842,
2027-06-22,Tuesday,604,1393,996,1081,763,483,369,842,
2027-06-23,Wednesday,626,1443,1029,1116,790,501,383,871,
2027-06-24,Thursday,738,1690,1198,1295,923,586,456,1016,
2027-06-25,Friday,738,1690,1198,1295,923,586,456,1016,
2027-06-26,Saturday,768,1757,1243,1343,959,609,475,1055,
2027-06-27,Sunday,641,1476,1052,1140,808,512,393,890,
2027-06-28,Monday,604,1393,996,1081,763,483,369,842,
2027-06-29,Tuesday,604,1393,996,1081,763,483,369,842,
2027-06-30,Wednesday,626,1443,1029,1116,790,501,383,871,
2027-07-01,Thursday,675,1690,1179,1236,848,538,418,936,
2027-07-02,Friday,675,1690,1179,1236,848,538,418,936,
2027-07-03,Saturday,704,1757,1225,1284,884,561,437,974,
2027-07-04,Sunday,578,1476,1029,1078,733,464,354,809,
2027-07-05,Monday,541,1393,971,1018,688,436,330,761,
2027-07-06,Tuesday,541,1393,971,1018,688,436,330,761,
2027-07-07,Wednesday,563,1443,1006,1055,715,453,345,790,
2027-07-08,Thursday,675,1690,1179,1236,848,538,418,936,
2027-07-09,Friday,675,1690,1179,1236,848,538,418,936,
2027-07-10,Saturday,704,1757,1225,1284,884,561,437,974,
2027-07-11,Sunday,578,1476,1029,1078,733,464,354,809,
2027-07-12,Monday,541,1393,971,1018,688,436,330,761,
2027-07-13,Tuesday,541,1393,971,1018,688,436,330,761,
2027-07-14,Wednesday,563,1443,1006,1055,715,453,345,790,
2027-07-15,Thursday,675,1690,1179,1236,848,538,418,936,
2027-07-16,Friday,675,1690,1179,1236,848,538,418,936,
2027-07-17,Saturday,704,1757,1225,1284,884,561,437,974,
2027-07-18,Sunday,578,1476,1029,1078,733,464,354,809,
2027-07-19,Monday,541,1393,971,1018,688,436,330,761,
2027-07-20,Tuesday,541,1393,971,1018,688,436,330,761,
2027-07-21,Wednesday,563,1443,1006,1055,715,453,345,790,
2027-07-22,Thursday,675,1690,1179,1236,848,538,418,936,
2027-07-23,Friday,675,1690,1179,1236,848,538,418,936,
2027-07-24,Saturday,704,1757,1225,1284,884,561,437,974,
2027-07-25,Sunday,578,1476,1029,1078,733,464,354,809,
2027-07-26,Monday,541,1393,971,1018,688,436,330,761,
2027-07-27,Tuesday,541,1393,971,1018,688,436,330,761,
2027-07-28,Wednesday,563,1443,1006,1055,715,453,345,790,
2027-07-29,Thursday,675,1690,1179,1236,848,538,418,936,
2027-07-30,Friday,675,1690,1179,1236,848,538,418,936,
2027-07-31,Saturday,704,1757,1225,1284,884,561,437,974,
2027-08-01,Sunday,547,1407,981,1005,692,440,332,765,
2027-08-02,Monday,510,1324,923,944,647,412,308,717,
2027-08-03,Tuesday,510,1324,923,944,647,412,308,717,
2027-08-04,Wednesday,532,1374,958,980,674,429,323,746,
2027-08-05,Thursday,644,1622,1131,1161,807,515,395,890,
2027-08-06,Friday,644,1622,1131,1161,807,515,395,890,
2027-08-07,Saturday,673,1688,1177,1210,843,537,415,929,
2027-08-08,Sunday,547,1407,981,1005,692,440,332,765,
2027-08-09,Monday,510,1324,923,944,647,412,308,717,
2027-08-10,Tuesday,510,1324,923,944,647,412,308,717,
2027-08-11,Wednesday,532,1374,958,980,674,429,323,746,
2027-08-12,Thursday,644,1622,1131,1161,807,515,395,890,
2027-08-13,Friday,644,1622,1131,1161,807,515,395,890,
2027-08-14,Saturday,673,1688,1177,1210,843,537,415,929,
2027-08-15,Sunday,547,1407,981,1005,692,440,332,765,
2027-08-16,Monday,510,1324,923,944,647,412,308,717,
2027-08-17,Tuesday,510,1324,923,944,647,412,308,717,
2027-08-18,Wednesday,532,1374,958,980,674,429,323,746,
2027-08-19,Thursday,644,1622,1131,1161,807,515,395,890,
2027-08-20,Friday,644,1622,1131,1161,807,515,395,890,
2027-08-21,Saturday,673,1688,1177,1210,843,537,415,929,
2027-08-22,Sunday,547,1407,981,1005,692,440,332,765,
2027-08-23,Monday,510,1324,923,944,647,412,308,717,
2027-08-24,Tuesday,510,1324,923,944,647,412,308,717,
2027-08-25,Wednesday,532,1374,958,980,674,429,323,746,
2027-08-26,Thursday,644,1622,1131,1161,807,515,395,890,
2027-08-27,Friday,644,1622,1131,1161,807,515,395,890,
2027-08-28,Saturday,673,1688,1177,1210,843,537,415,929,
2027-08-29,Sunday,547,1407,981,1005,692,440,332,765,
2027-08-30,Monday,510,1324,923,944,647,412,308,717,
2027-08-31,Tuesday,510,1324,923,944,647,412,308,717,
2027-09-01,Wednesday,656,1622,1150,1185,827,524,403,911,
2027-09-02,Thursday,768,1866,1322,1363,960,610,476,1057,
2027-09-03,Friday,768,1866,1322,1363,960,610,476,1057,
2027-09-04,Saturday,797,1931,1369,1410,996,633,495,1096,
2027-09-05,Sunday,671,1654,1173,1209,845,535,413,931,
2027-09-06,Monday,634,1573,1115,1149,800,507,389,882,
2027-09-07,Tuesday,634,1573,1115,1149,800,507,389,882,
2027-09-08,Wednesday,656,1622,1150,1185,827,524,403,911,
2027-09-09,Thursday,768,1866,1322,1363,960,610,476,1057,
2027-09-10,Friday,768,1866,1322,1363,960,610,476,1057,
2027-09-11,Saturday,797,1931,1369,1410,996,633,495,1096,
2027-09-12,Sunday,671,1654,1173,1209,845,535,413,931,
2027-09-13,Monday,634,1573,1115,1149,800,507,389,882,
2027-09-14,Tuesday,634,1573,1115,1149,800,507,389,882,
2027-09-15,Wednesday,656,1622,1150,1185,827,524,403,911,
2027-09-16,Thursday,768,1866,1322,1363,960,610,476,1057,
2027-09-17,Friday,768,1866,1322,1363,960,610,476,1057,
2027-09-18,Saturday,797,1931,1369,1410,996,633,495,1096,
2027-09-19,Sunday,671,1654,1173,1209,845,535,413,931,
2027-09-20,Monday,634,1573,1115,1149,800,507,389,882,
2027-09-21,Tuesday,634,1573,1115,1149,800,507,389,882,
2027-09-22,Wednesday,656,1622,1150,1185,827,524,403,911,
2027-09-23,Thursday,768,1866,1322,1363,960,610,476,1057,
2027-09-24,Friday,768,1866,1322,1363,960,610,476,1057,
2027-09-25,Saturday,797,1931,1369,1410,996,633,495,1096,
2027-09-26,Sunday,671,1654,1173,1209,845,535,413,931,
2027-09-27,Monday,634,1573,1115,1149,800,507,389,882,
2027-09-28,Tuesday,634,1573,1115,1149,800,507,389,882,
2027-09-29,Wednesday,656,1622,1150,1185,827,524,403,911,
2027-09-30,Thursday,768,1866,1322,1363,960,610,476,1057,
2027-10-01,Friday,768,1866,1322,1383,960,610,476,1057,
2027-10-02,Saturday,797,1931,1369,1431,996,633,495,1096,
2027-10-03,Sunday,671,1654,1173,1227,845,535,413,931,
2027-10-04,Monday,634,1573,1115,1167,800,507,389,882,
2027-10-05,Tuesday,634,1573,1115,1167,800,507,389,882,
2027-10-06,Wednesday,656,1622,1150,1203,827,524,403,911,
2027-10-07,Thursday,768,1866,1322,1383,960,610,476,1057,
2027-10-08,Friday,768,1866,1322,1383,960,610,476,1057,
2027-10-09,Saturday,797,1931,1369,1431,996,633,495,1096,
2027-10-10,Sunday,671,1654,1173,1227,845,535,413,931,
2027-10-11,Monday,634,1573,1115,1167,800,507,389,882,
2027-10-12,Tuesday,634,1573,1115,1167,800,507,389,882,
2027-10-13,Wednesday,656,1622,1150,1203,827,524,403,911,
2027-10-14,Thursday,768,1866,1322,1383,960,610,476,1057,
2027-10-15,Friday,768,1866,1322,1383,960,610,476,1057,
2027-10-16,Saturday,797,1931,1369,1431,996,633,495,1096,
2027-10-17,Sunday,671,1654,1173,1227,845,535,413,931,
2027-10-18,Monday,634,1573,1115,1167,800,507,389,882,
2027-10-19,Tuesday,634,1573,1115,1167,800,507,389,882,
2027-10-20,Wednesday,656,1622,1150,1203,827,524,403,911,
2027-10-21,Thursday,768,1866,1322,1383,960,610,476,1057,
2027-10-22,Friday,768,1866,1322,1383,960,610,476,1057,
2027-10-23,Saturday,797,1931,1369,1431,996,633,495,1096,
2027-10-24,Sunday,671,1654,1173,1227,845,535,413,931,
2027-10-25,Monday,634,1573,1115,1167,800,507,389,882,
2027-10-26,Tuesday,634,1573,1115,1167,800,507,389,882,
2027-10-27,Wednesday,656,1622,1150,1203,827,524,403,911,
2027-10-28,Thursday,768,1866,1322,1383,960,610,476,1057,
2027-10-29,Friday,768,1866,1322,1383,960,610,476,1057,
2027-10-30,Saturday,797,1931,1369,1431,996,633,495,1096,
2027-10-31,Sunday,671,1654,1173,1227,845,535,413,931,
2027-11-01,Monday,453,1255,875,918,615,388,288,680,
2027-11-02,Tuesday,453,1255,875,918,615,388,288,680,
2027-11-03,Wednesday,474,1305,910,954,642,405,302,709,
2027-11-04,Thursday,580,1553,1083,1135,775,491,375,855,
2027-11-05,Friday,580,1553,1083,1135,775,491,375,855,
2027-11-06,Saturday,608,1619,1129,1183,811,514,394,894,
2027-11-07,Sunday,488,1338,933,978,659,417,312,729,
2027-11-08,Monday,453,1255,875,918,615,388,288,680,
2027-11-09,Tuesday,453,1255,875,918,615,388,288,680,
2027-11-10,Wednesday,474,1305,910,954,642,405,302,709,
2027-11-11,Thursday,580,1553,1083,1135,775,491,375,855,
2027-11-12,Friday,580,1553,1083,1135,775,491,375,855,
2027-11-13,Saturday,608,1619,1129,1183,811,514,394,894,
2027-11-14,Sunday,488,1338,933,978,659,417,312,729,
2027-11-15,Monday,453,1255,875,918,615,388,288,680,
2027-11-16,Tuesday,453,1255,875,918,615,388,288,680,
2027-11-17,Wednesday,474,1305,910,954,642,405,302,709,
2027-11-18,Thursday,580,1553,1083,1135,775,491,375,855,
2027-11-19,Friday,580,1553,1083,1135,775,491,375,855,
2027-11-20,Saturday,608,1619,1129,1183,811,514,394,894,
2027-11-21,Sunday,488,1338,933,978,659,417,312,729,
2027-11-22,Monday,453,1255,875,918,615,388,288,680,
2027-11-23,Tuesday,453,1255,875,918,615,388,288,680,
2027-11-24,Wednesday,474,1305,910,954,642,405,302,709,
2027-11-25,Thursday,580,1553,1083,1135,775,491,375,855,
2027-11-26,Friday,580,1553,1083,1135,775,491,375,855,
2027-11-27,Saturday,608,1619,1129,1183,811,514,394,894,
2027-11-28,Sunday,488,1338,933,978,659,417,312,729,
2027-11-29,Monday,453,1255,875,918,615,388,288,680,
2027-11-30,Tuesday,453,1255,875,918,615,388,288,680,
2027-12-01,Wednesday,325,848,592,620,417,263,196,461,
2027-12-02,Thursday,397,1009,704,738,504,319,244,556,
2027-12-03,Friday,397,1009,704,738,504,319,244,556,
2027-12-04,Saturday,416,1052,734,769,527,334,257,581,
2027-12-05,Sunday,335,870,606,636,429,271,203,474,
2027-12-06,Monday,311,816,569,597,400,252,187,442,
2027-12-07,Tuesday,311,816,569,597,400,252,187,442,
2027-12-08,Wednesday,325,848,592,620,417,263,196,461,
2027-12-09,Thursday,397,1009,704,738,504,319,244,556,
2027-12-10,Friday,397,1009,704,738,504,319,244,556,
2027-12-11,Saturday,416,1052,734,769,527,334,257,581,
2027-12-12,Sunday,335,870,606,636,429,271,203,474,
2027-12-13,Monday,311,816,569,597,400,252,187,442,
2027-12-14,Tuesday,311,816,569,597,400,252,187,442,
2027-12-15,Wednesday,325,848,592,620,417,263,196,461,
2027-12-16,Thursday,397,1009,704,738,504,319,244,556,
2027-12-17,Friday,397,1009,704,738,504,319,244,556,
2027-12-18,Saturday,416,1052,734,769,527,334,257,581,
2027-12-19,Sunday,335,870,606,636,429,271,203,474,
2027-12-20,Monday,311,816,569,597,400,252,187,442,
2027-12-21,Tuesday,311,816,569,597,400,252,187,442,
2027-12-22,Wednesday,325,848,592,620,417,263,196,461,
2027-12-23,Thursday,397,1009,704,738,504,319,244,556,
2027-12-24,Friday,397,1009,704,738,504,319,244,556,
2027-12-25,Saturday,416,1052,734,769,527,334,257,581,
2027-12-26,Sunday,335,870,606,636,429,271,203,474,
2027-12-27,Monday,311,816,569,597,400,252,187,442,
2027-12-28,Tuesday,311,816,569,597,400,252,187,442,
2027-12-29,Wednesday,325,848,592,620,417,263,196,461,
2027-12-30,Thursday,397,1009,704,738,504,319,244,556,
2027-12-31,Friday,397,1009,704,738,504,319,244,556,
2028-01-01,Saturday,496,1332,829,780,583,454,354,638,
2028-01-02,Sunday,389,1080,672,632,463,360,272,508,
2028-01-03,Monday,357,1006,626,588,428,332,248,470,
2028-01-04,Tuesday,357,1006,626,588,428,332,248,470,
2028-01-05,Wednesday,376,1050,654,614,449,349,262,493,
2028-01-06,Thursday,471,1273,792,745,555,432,335,608,
2028-01-07,Friday,471,1273,792,745,555,432,335,608,
2028-01-08,Saturday,496,1332,829,780,583,454,354,638,
2028-01-09,Sunday,389,1080,672,632,463,360,272,508,
