"Date","RevPAR"
"2024-03-01","0"
"2024-03-02","0"
"2024-03-03","0"
"2024-03-04","0"
"2024-03-05","0"
"2024-03-06","0"
"2024-03-07","0"
"2024-03-08","0"
"2024-03-09","0"
"2024-03-10","0"
"2024-03-11","0"
"2024-03-12","0"
"2024-03-13","0"
"2024-03-14","0"
"2024-03-15","0"
"2024-03-16","0"
"2024-03-17","0"
"2024-03-18","0"
"2024-03-19","0"
"2024-03-20","0"
"2024-03-21","0"
"2024-03-22","0"
"2024-03-23","0"
"2024-03-24","0"
"2024-03-25","0"
"2024-03-26","0"
"2024-03-27","0"
"2024-03-28","0"
"2024-03-29","0"
"2024-03-30","0"
"2024-03-31","0"
"2024-04-01","0"
"2024-04-02","0"
"2024-04-03","0"
"2024-04-04","0"
"2024-04-05","0"
"2024-04-06","0"
"2024-04-07","0"
"2024-04-08","0"
"2024-04-09","0"
"2024-04-10","0"
"2024-04-11","0"
"2024-04-12","0"
"2024-04-13","0"
"2024-04-14","0"
"2024-04-15","0"
"2024-04-16","0"
"2024-04-17","0"
"2024-04-18","0"
"2024-04-19","0"
"2024-04-20","0"
"2024-04-21","0"
"2024-04-22","0"
"2024-04-23","0"
"2024-04-24","0"
"2024-04-25","0"
"2024-04-26","0"
"2024-04-27","0"
"2024-04-28","0"
"2024-04-29","0"
"2024-04-30","0"
"2024-05-01","0"
"2024-05-02","0"
"2024-05-03","814"
"2024-05-04","0"
"2024-05-05","0"
"2024-05-06","0"
"2024-05-07","0"
"2024-05-08","0"
"2024-05-09","0"
"2024-05-10","0"
"2024-05-11","0"
"2024-05-12","0"
"2024-05-13","0"
"2024-05-14","0"
"2024-05-15","0"
"2024-05-16","0"
"2024-05-17","0"
"2024-05-18","811"
"2024-05-19","605"
"2024-05-20","460"
"2024-05-21","0"
"2024-05-22","0"
"2024-05-23","510"
"2024-05-24","724"
"2024-05-25","560"
"2024-05-26","605"
"2024-05-27","0"
"2024-05-28","0"
"2024-05-29","0"
"2024-05-30","0"
"2024-05-31","634"
"2024-06-01","560"
"2024-06-02","0"
"2024-06-03","596"
"2024-06-04","590"
"2024-06-05","0"
"2024-06-06","0"
"2024-06-07","0"
"2024-06-08","0"
"2024-06-09","704"
"2024-06-10","642"
"2024-06-11","0"
"2024-06-12","0"
"2024-06-13","0"
"2024-06-14","724"
"2024-06-15","706"
"2024-06-16","0"
"2024-06-17","673"
"2024-06-18","644"
"2024-06-19","510"
"2024-06-20","636"
"2024-06-21","724"
"2024-06-22","690"
"2024-06-23","0"
"2024-06-24","0"
"2024-06-25","530"
"2024-06-26","420"
"2024-06-27","599"
"2024-06-28","724"
"2024-06-29","560"
"2024-06-30","540"
"2024-07-01","659"
"2024-07-02","692"
"2024-07-03","0"
"2024-07-04","0"
"2024-07-05","0"
"2024-07-06","0"
"2024-07-07","0"
"2024-07-08","0"
"2024-07-09","0"
"2024-07-10","0"
"2024-07-11","0"
"2024-07-12","0"
"2024-07-13","0"
"2024-07-14","0"
"2024-07-15","511"
"2024-07-16","510"
"2024-07-17","0"
"2024-07-18","0"
"2024-07-19","643"
"2024-07-20","597"
"2024-07-21","610"
"2024-07-22","0"
"2024-07-23","0"
"2024-07-24","714"
"2024-07-25","646"
"2024-07-26","677"
"2024-07-27","612"
"2024-07-28","576"
"2024-07-29","570"
"2024-07-30","0"
"2024-07-31","617"
"2024-08-01","670"
"2024-08-02","776"
"2024-08-03","560"
"2024-08-04","458"
"2024-08-05","0"
"2024-08-06","0"
"2024-08-07","0"
"2024-08-08","557"
"2024-08-09","684"
"2024-08-10","620"
"2024-08-11","620"
"2024-08-12","0"
"2024-08-13","0"
"2024-08-14","0"
"2024-08-15","686"
"2024-08-16","675"
"2024-08-17","721"
"2024-08-18","0"
"2024-08-19","0"
"2024-08-20","0"
"2024-08-21","0"
"2024-08-22","0"
"2024-08-23","731"
"2024-08-24","589"
"2024-08-25","635"
"2024-08-26","570"
"2024-08-27","0"
"2024-08-28","0"
"2024-08-29","0"
"2024-08-30","565"
"2024-08-31","0"
"2024-09-01","0"
"2024-09-02","514"
"2024-09-03","480"
"2024-09-04","525"
"2024-09-05","695"
"2024-09-06","647"
"2024-09-07","0"
"2024-09-08","0"
"2024-09-09","0"
"2024-09-10","520"
"2024-09-11","482"
"2024-09-12","497"
"2024-09-13","0"
"2024-09-14","586"
"2024-09-15","640"
"2024-09-16","610"
"2024-09-17","610"
"2024-09-18","610"
"2024-09-19","615"
"2024-09-20","635"
"2024-09-21","577"
"2024-09-22","509"
"2024-09-23","547"
"2024-09-24","0"
"2024-09-25","0"
"2024-09-26","0"
"2024-09-27","579"
"2024-09-28","546"
"2024-09-29","566"
"2024-09-30","640"
"2024-10-01","640"
"2024-10-02","0"
"2024-10-03","0"
"2024-10-04","633"
"2024-10-05","633"
"2024-10-06","610"
"2024-10-07","640"
"2024-10-08","819"
"2024-10-09","0"
"2024-10-10","0"
"2024-10-11","689"
"2024-10-12","689"
"2024-10-13","0"
"2024-10-14","0"
"2024-10-15","540"
"2024-10-16","540"
"2024-10-17","0"
"2024-10-18","0"
"2024-10-19","0"
"2024-10-20","0"
"2024-10-21","673"
"2024-10-22","650"
"2024-10-23","780"
"2024-10-24","823"
"2024-10-25","659"
"2024-10-26","626"
"2024-10-27","626"
"2024-10-28","0"
"2024-10-29","541"
"2024-10-30","540"
"2024-10-31","540"
"2024-11-01","640"
"2024-11-02","0"
"2024-11-03","0"
"2024-11-04","0"
"2024-11-05","640"
"2024-11-06","640"
"2024-11-07","0"
"2024-11-08","598"
"2024-11-09","614"
"2024-11-10","0"
"2024-11-11","0"
"2024-11-12","559"
"2024-11-13","559"
"2024-11-14","559"
"2024-11-15","640"
"2024-11-16","614"
"2024-11-17","0"
"2024-11-18","0"
"2024-11-19","0"
"2024-11-20","589"
"2024-11-21","589"
"2024-11-22","640"
"2024-11-23","640"
"2024-11-24","868"
"2024-11-25","586"
"2024-11-26","586"
"2024-11-27","586"
"2024-11-28","586"
"2024-11-29","729"
"2024-11-30","0"
"2024-12-01","589"
"2024-12-02","589"
"2024-12-03","0"
"2024-12-04","0"
"2024-12-05","560"
"2024-12-06","601"
"2024-12-07","585"
"2024-12-08","589"
"2024-12-09","589"
"2024-12-10","0"
"2024-12-11","0"
"2024-12-12","0"
"2024-12-13","630"
"2024-12-14","615"
"2024-12-15","559"
"2024-12-16","559"
"2024-12-17","559"
"2024-12-18","0"
"2024-12-19","0"
"2024-12-20","640"
"2024-12-21","641"
"2024-12-22","0"
"2024-12-23","0"
"2024-12-24","0"
"2024-12-25","0"
"2024-12-26","0"
"2024-12-27","729"
"2024-12-28","0"
"2024-12-29","0"
"2024-12-30","370"
"2024-12-31","508"
"2025-01-01","0"
"2025-01-02","0"
"2025-01-03","640"
"2025-01-04","640"
"2025-01-05","0"
"2025-01-06","589"
"2025-01-07","589"
"2025-01-08","0"
"2025-01-09","0"
"2025-01-10","0"
"2025-01-11","0"
"2025-01-12","0"
"2025-01-13","0"
"2025-01-14","0"
"2025-01-15","589"
"2025-01-16","589"
"2025-01-17","640"
"2025-01-18","640"
"2025-01-19","489.5"
"2025-01-20","489.5"
"2025-01-21","279.5"
"2025-01-22","0"
"2025-01-23","489.5"
"2025-01-24","536.5"
"2025-01-25","675"
"2025-01-26","420"
"2025-01-27","0"
"2025-01-28","0"
"2025-01-29","417.5"
"2025-01-30","417.5"
"2025-01-31","550.5"
"2025-02-01","540.5"
"2025-02-02","0"
"2025-02-03","0"
"2025-02-04","0"
"2025-02-05","0"
"2025-02-06","589"
"2025-02-07","551.5"
"2025-02-08","729"
"2025-02-09","0"
"2025-02-10","0"
"2025-02-11","0"
"2025-02-12","0"
"2025-02-13","0"
"2025-02-14","560"
"2025-02-15","551.5"
"2025-02-16","0"
"2025-02-17","210"
"2025-02-18","210"
"2025-02-19","0"
"2025-02-20","0"
"2025-02-21","551.5"
"2025-02-22","551.5"
"2025-02-23","0"
"2025-02-24","195.5"
"2025-02-25","194.5"
"2025-02-26","0"
"2025-02-27","294.5"
"2025-02-28","570"
"2025-03-01","500"
"2025-03-02","0"
"2025-03-03","0"
"2025-03-04","449.5"
"2025-03-05","452.5"
"2025-03-06","589"
"2025-03-07","581.5"
"2025-03-08","581.5"
"2025-03-09","549"
"2025-03-10","374"
"2025-03-11","335.5"
"2025-03-12","297"
"2025-03-13","446"
"2025-03-14","581"
"2025-03-15","581"
"2025-03-16","0"
"2025-03-17","0"
"2025-03-18","0"
"2025-03-19","300"
"2025-03-20","340"
"2025-03-21","553"
"2025-03-22","540.5"
"2025-03-23","580"
"2025-03-24","580"
"2025-03-25","580"
"2025-03-26","625"
"2025-03-27","516"
"2025-03-28","766"
"2025-03-29","523"
"2025-03-30","489"
"2025-03-31","444.5"
"2025-04-01","409.5"
"2025-04-02","378"
"2025-04-03","0"
"2025-04-04","496.5"
"2025-04-05","979"
"2025-04-06","750.5"
"2025-04-07","515.5"
"2025-04-08","565"
"2025-04-09","598"
"2025-04-10","0"
"2025-04-11","496.5"
"2025-04-12","496.5"
"2025-04-13","584.5"
"2025-04-14","571.5"
"2025-04-15","487"
"2025-04-16","402.5"
"2025-04-17","406"
"2025-04-18","776"
"2025-04-19","596"
"2025-04-20","608"
"2025-04-21","418.67"
"2025-04-22","445.33"
"2025-04-23","403"
"2025-04-24","433.33"
"2025-04-25","744"
"2025-04-26","660.67"
"2025-04-27","192.5"
"2025-04-28","171.5"
"2025-04-29","0"
"2025-04-30","545"
"2025-05-01","686.5"
"2025-05-02","631.67"
"2025-05-03","627"
"2025-05-04","428.33"
"2025-05-05","547.67"
"2025-05-06","514"
"2025-05-07","246.5"
"2025-05-08","193.67"
"2025-05-09","703.67"
"2025-05-10","787.67"
"2025-05-11","663.5"
"2025-05-12","311.5"
"2025-05-13","0"
"2025-05-14","0"
"2025-05-15","543.5"
"2025-05-16","730.67"
"2025-05-17","752.67"
"2025-05-18","665"
"2025-05-19","568.67"
"2025-05-20","567"
"2025-05-21","179"
"2025-05-22","728.33"
"2025-05-23","546.67"
"2025-05-24","547.67"
"2025-05-25","496.5"
"2025-05-26","275"
"2025-05-27","434"
"2025-05-28","198"
"2025-05-29","623"
"2025-05-30","658.33"
"2025-05-31","806.33"
"2025-06-01","579"
"2025-06-02","756"
"2025-06-03","523"
"2025-06-04","447"
"2025-06-05","711"
"2025-06-06","944.33"
"2025-06-07","892"
"2025-06-08","647.5"
"2025-06-09","597"
"2025-06-10","561.67"
"2025-06-11","0"
"2025-06-12","1073"
"2025-06-13","1072"
"2025-06-14","944"
"2025-06-15","620.33"
"2025-06-16","331.5"
"2025-06-17","404"
"2025-06-18","505.67"
"2025-06-19","546.5"
"2025-06-20","690"
"2025-06-21","629.33"
"2025-06-22","832"
"2025-06-23","565"
"2025-06-24","556"
"2025-06-25","461.5"
"2025-06-26","612.5"
"2025-06-27","757.33"
"2025-06-28","744.67"
"2025-06-29","598"
"2025-06-30","462.5"
"2025-07-01","461.67"
"2025-07-02","424.5"
"2025-07-03","300.5"
"2025-07-04","644.33"
"2025-07-05","608.67"
"2025-07-06","630"
"2025-07-07","465"
"2025-07-08","485"
"2025-07-09","499.67"
"2025-07-10","466.67"
"2025-07-11","713.33"
"2025-07-12","636.33"
"2025-07-13","503"
"2025-07-14","491.5"
"2025-07-15","449"
"2025-07-16","0"
"2025-07-17","320.67"
"2025-07-18","340"
"2025-07-19","1049.33"
"2025-07-20","598.33"
"2025-07-21","433.5"
"2025-07-22","387.5"
"2025-07-23","444"
"2025-07-24","0"
"2025-07-25","805"
"2025-07-26","805"
"2025-07-27","0"
"2025-07-28","483"
"2025-07-29","451.5"
"2025-07-30","633"
"2025-07-31","787.33"
"2025-08-01","941.33"
"2025-08-02","741"
"2025-08-03","485.33"
"2025-08-04","215"
"2025-08-05","507"
"2025-08-06","196.33"
"2025-08-07","532"
"2025-08-08","853"
"2025-08-09","802.33"
"2025-08-10","807.5"
"2025-08-11","341"
"2025-08-12","341"
"2025-08-13","514.5"
"2025-08-14","820.33"
"2025-08-15","852"
"2025-08-16","922.5"
"2025-08-17","858"
"2025-08-18","405"
"2025-08-19","464"
"2025-08-20","390.33"
"2025-08-21","905.5"
"2025-08-22","719"
"2025-08-23","590.67"
"2025-08-24","589.5"
"2025-08-25","446"
"2025-08-26","443.67"
"2025-08-27","528"
"2025-08-28","580"
"2025-08-29","815.33"
"2025-08-30","250.5"
"2025-08-31","157.33"
"2025-09-01","140"
"2025-09-02","358.33"
"2025-09-03","505.67"
"2025-09-04","572"
"2025-09-05","699"
"2025-09-06","697.5"
"2025-09-07","210"
"2025-09-08","261.5"
"2025-09-09","160"
"2025-09-10","403.33"
"2025-09-11","663.33"
"2025-09-12","794.67"
"2025-09-13","821.33"
"2025-09-14","435.67"
"2025-09-15","277"
"2025-09-16","416"
"2025-09-17","416"
"2025-09-18","484.67"
"2025-09-19","473"
"2025-09-20","732.5"
"2025-09-21","187.33"
"2025-09-22","476"
"2025-09-23","441.67"
"2025-09-24","485.67"
"2025-09-25","766"
"2025-09-26","880"
"2025-09-27","524.67"
"2025-09-28","493"
"2025-09-29","482.33"
"2025-09-30","421"
"2025-10-01","274.67"
"2025-10-02","532"
"2025-10-03","508.33"
"2025-10-04","689.67"
"2025-10-05","313"
"2025-10-06","599"
"2025-10-07","421"
"2025-10-08","457"
"2025-10-09","663.5"
"2025-10-10","680.33"
"2025-10-11","391.33"
"2025-10-12","594"
"2025-10-13","615"
"2025-10-14","497.67"
"2025-10-15","347"
"2025-10-16","382.67"
"2025-10-17","679"
"2025-10-18","773"
"2025-10-19","218"
"2025-10-20","0"
"2025-10-21","202"
"2025-10-22","270"
"2025-10-23","321.33"
"2025-10-24","646"
"2025-10-25","662.67"
"2025-10-26","704"
"2025-10-27","384"
"2025-10-28","366"
"2025-10-29","330"
"2025-10-30","273.67"
"2025-10-31","658.67"
"2025-11-01","601.67"
"2025-11-02","353"
"2025-11-03","131.5"
"2025-11-04","357"
"2025-11-05","368.33"
"2025-11-06","280.5"
"2025-11-07","323"
"2025-11-08","520.67"
"2025-11-09","437.5"
"2025-11-10","0"
"2025-11-11","169.67"
"2025-11-12","169.67"
"2025-11-13","341.33"
"2025-11-14","500.67"
"2025-11-15","510.67"
"2025-11-16","0"
"2025-11-17","0"
"2025-11-18","249.33"
"2025-11-19","337"
"2025-11-20","408"
"2025-11-21","487.5"
"2025-11-22","487.5"
"2025-11-23","0"
"2025-11-24","294.5"
"2025-11-25","294.5"
"2025-11-26","202.5"
"2025-11-27","290.5"
"2025-11-28","522"
"2025-11-29","500.5"
"2025-11-30","222.5"
"2025-12-01","125"
"2025-12-02","215.33"
"2025-12-03","357.33"
"2025-12-04","0"
"2025-12-05","351.67"
"2025-12-06","351.67"
"2025-12-07","141.5"
"2025-12-08","359.67"
"2025-12-09","251.67"
"2025-12-10","127"
"2025-12-11","0"
"2025-12-12","635.67"
"2025-12-13","635.67"
"2025-12-14","552"
"2025-12-15","181.5"
"2025-12-16","174"
"2025-12-17","0"
"2025-12-18","110.33"
"2025-12-19","383.67"
"2025-12-20","372"
"2025-12-21","342.67"
"2025-12-22","292.67"
"2025-12-23","0"
"2025-12-24","455.5"
"2025-12-25","455.5"
"2025-12-26","146"
"2025-12-27","146"
"2025-12-28","0"
"2025-12-29","0"
"2025-12-30","126.33"
"2025-12-31","391"
"2026-01-01","527"
"2026-01-02","607"
"2026-01-03","636"
"2026-01-04","0"
"2026-01-05","0"
"2026-01-06","0"
"2026-01-07","133.5"
"2026-01-08","508"
"2026-01-09","509"
"2026-01-10","543"
"2026-01-11","93"
"2026-01-12","122.5"
"2026-01-13","174"
"2026-01-14","197.67"
"2026-01-15","279"
"2026-01-16","0"
"2026-01-17","573.33"
"2026-01-18","604.5"
"2026-01-19","0"
"2026-01-20","242.33"
"2026-01-21","242.33"
"2026-01-22","163"
"2026-01-23","209.67"
"2026-01-24","527.5"
"2026-01-25","520.5"
"2026-01-26","0"
"2026-01-27","363.5"
"2026-01-28","363.5"
"2026-01-29","0"
"2026-01-30","373.33"
"2026-01-31","319.33"
"2026-02-01","195.67"
"2026-02-02","138.33"
"2026-02-03","0"
"2026-02-04","0"
"2026-02-05","0"
"2026-02-06","207.67"
"2026-02-07","205.67"
"2026-02-08","179"
"2026-02-09","0"
"2026-02-10","0"
"2026-02-11","171.67"
"2026-02-12","307.67"
"2026-02-13","655.67"
"2026-02-14","655.67"
"2026-02-15","468"
"2026-02-16","227.5"
"2026-02-17","142"
"2026-02-18","142"
"2026-02-19","0"
"2026-02-20","652"
"2026-02-21","528.67"
"2026-02-22","0"
"2026-02-23","86.67"
"2026-02-24","221"
"2026-02-25","124"
"2026-02-26","112.33"
"2026-02-27","298.67"
"2026-02-28","480.67"
"2026-03-01","0"
"2026-03-02","0"
"2026-03-03","0"
"2026-03-04","95.33"
"2026-03-05","87.67"
"2026-03-06","601.67"
"2026-03-07","561"
"2026-03-08","291.5"
"2026-03-09","376.33"
"2026-03-10","371.33"
"2026-03-11","325.67"
"2026-03-12","353.67"
"2026-03-13","160.5"
"2026-03-14","0"
"2026-03-15","650"
"2026-03-16","347"
"2026-03-17","462.67"
"2026-03-18","397.5"
"2026-03-19","568.5"
"2026-03-20","475.67"
"2026-03-21","716"
"2026-03-22","493.67"
"2026-03-23","432.33"
"2026-03-24","399.5"
"2026-03-25","0"
"2026-03-26","99.33"
"2026-03-27","749.67"
"2026-03-28","759.67"
"2026-03-29","515.5"
"2026-03-30","452.33"
"2026-03-31","377.5"
"2026-04-01","328.33"
"2026-04-02","604.5"
"2026-04-03","399.33"
"2026-04-04","576.67"