Listing Id,Listing Name,PMS Name,Reason,Start Date,End Date,Price,Currency,Price Type,Minimum Stay,Minimum Price,Minimum Price Type,Maximum Price,Maximum Price Type
203812___655825,Onera Fredericksburg Cypress Lodge | Pet-Friendly  Sleeps 2,cloudbeds,,2027-12-14,2027-12-14,373,USD,fixed,2,,fixed,,fixed
203812___655826,Onera Fredericksburg Cypress Lodge | Sleeps 2 -- 2 units,cloudbeds,,2027-12-14,2027-12-14,373,USD,fixed,2,,fixed,,fixed
203812___655827,Onera Fredericksburg Cypress Lodge | Sleeps 6 -- 2 units,cloudbeds,,2027-12-14,2027-12-14,551,USD,fixed,2,,fixed,,fixed
203812___655829,Onera Fredericksburg Cypress Lodge | Pet-Friendly Sleeps 6,cloudbeds,,2027-12-14,2027-12-14,551,USD,fixed,2,,fixed,,fixed
203812___657152,Onera Fredericksburg Great Lodge : King Room (Accessible) -- 2 units,cloudbeds,,2027-12-14,2027-12-14,332,USD,fixed,2,,fixed,,fixed
203812___362535,Onera Fredericksburg Cocoon,cloudbeds,,2027-12-15,2027-12-15,435,USD,fixed,2,,fixed,,fixed
203812___364773,Onera Fredericksburg Walnut House,cloudbeds,,2027-12-15,2027-12-15,589,USD,fixed,2,,fixed,,fixed
203812___364776,Onera Fredericksburg Spyglass,cloudbeds,,2027-12-15,2027-12-15,589,USD,fixed,2,,fixed,,fixed
203812___364778,Onera Fredericksburg Live Oak Lodge,cloudbeds,,2027-12-15,2027-12-15,589,USD,fixed,2,,fixed,,fixed
203812___364779,Onera Fredericksburg Lantana Dome,cloudbeds,,2027-12-15,2027-12-15,435,USD,fixed,2,,fixed,,fixed
203812___364780,Onera Fredericksburg Sage Safari,cloudbeds,,2027-12-15,2027-12-15,435,USD,fixed,2,,fixed,,fixed
203812___364781,Onera Fredericksburg Monarch,cloudbeds,,2027-12-15,2027-12-15,589,USD,fixed,2,,fixed,,fixed
203812___364782,Onera Fredericksburg Buckeye Bungalow,cloudbeds,,2027-12-15,2027-12-15,435,USD,fixed,2,,fixed,,fixed
203812___490007,Onera Fredericksburg Cedar Haus,cloudbeds,,2027-12-15,2027-12-15,281,USD,fixed,2,,fixed,,fixed
203812___490024,Onera Fredericksburg Juniper Haus,cloudbeds,,2027-12-15,2027-12-15,281,USD,fixed,2,,fixed,,fixed
203812___528745,Onera Fredericksburg Pecan Haus,cloudbeds,,2027-12-15,2027-12-15,281,USD,fixed,2,,fixed,,fixed
203812___634080,Onera Fredericksburg Bluebonnet,cloudbeds,,2027-12-15,2027-12-15,435,USD,fixed,2,,fixed,,fixed
203812___643757,Onera Fredericksburg Great Lodge,cloudbeds,,2027-12-15,2027-12-15,2656,USD,fixed,2,,fixed,,fixed
203812___643760,Onera Fredericksburg Post Oak,cloudbeds,,2027-12-15,2027-12-15,373,USD,fixed,2,,fixed,,fixed
203812___643762,Onera Fredericksburg Cypress Lodge | Sleeps 4 -- 2 units,cloudbeds,,2027-12-15,2027-12-15,474,USD,fixed,2,,fixed,,fixed
203812___643764,Onera Fredericksburg Quonset -- 2 units,cloudbeds,,2027-12-15,2027-12-15,474,USD,fixed,2,,fixed,,fixed
203812___643766,Onera Fredericksburg Winecup -- 2 units,cloudbeds,,2027-12-15,2027-12-15,474,USD,fixed,2,,fixed,,fixed
203812___643771,Onera Fredericksburg Diamond -- 3 units,cloudbeds,,2027-12-15,2027-12-15,551,USD,fixed,2,,fixed,,fixed
203812___643772,Onera Fredericksburg Spiral,cloudbeds,,2027-12-15,2027-12-15,474,USD,fixed,2,,fixed,,fixed
203812___643773,Onera Fredericksburg Monolith -- 2 units,cloudbeds,,2027-12-15,2027-12-15,670,USD,fixed,2,,fixed,,fixed
203812___643775,Onera Fredericksburg Great Lodge : King Room -- 6 units,cloudbeds,,2027-12-15,2027-12-15,332,USD,fixed,2,,fixed,,fixed
203812___655699,Onera Fredericksburg Diamond (Pet-friendly),cloudbeds,,2027-12-15,2027-12-15,551,USD,fixed,2,,fixed,,fixed
203812___655703,Onera Fredericksburg Winecup (Pet-friendly),cloudbeds,,2027-12-15,2027-12-15,474,USD,fixed,2,,fixed,,fixed
203812___655821,Onera Fredericksburg Cypress Lodge | Pet-Friendly  Sleeps 4,cloudbeds,,2027-12-15,2027-12-15,474,USD,fixed,2,,fixed,,fixed
203812___655825,Onera Fredericksburg Cypress Lodge | Pet-Friendly  Sleeps 2,cloudbeds,,2027-12-15,2027-12-15,373,USD,fixed,2,,fixed,,fixed
203812___655826,Onera Fredericksburg Cypress Lodge | Sleeps 2 -- 2 units,cloudbeds,,2027-12-15,2027-12-15,373,USD,fixed,2,,fixed,,fixed
203812___655827,Onera Fredericksburg Cypress Lodge | Sleeps 6 -- 2 units,cloudbeds,,2027-12-15,2027-12-15,551,USD,fixed,2,,fixed,,fixed
203812___655829,Onera Fredericksburg Cypress Lodge | Pet-Friendly Sleeps 6,cloudbeds,,2027-12-15,2027-12-15,551,USD,fixed,2,,fixed,,fixed
203812___657152,Onera Fredericksburg Great Lodge : King Room (Accessible) -- 2 units,cloudbeds,,2027-12-15,2027-12-15,332,USD,fixed,2,,fixed,,fixed
203812___362535,Onera Fredericksburg Cocoon,cloudbeds,,2027-12-16,2027-12-16,538,USD,fixed,2,,fixed,,fixed
203812___364773,Onera Fredericksburg Walnut House,cloudbeds,,2027-12-16,2027-12-16,714,USD,fixed,2,,fixed,,fixed
203812___364776,Onera Fredericksburg Spyglass,cloudbeds,,2027-12-16,2027-12-16,714,USD,fixed,2,,fixed,,fixed
203812___364778,Onera Fredericksburg Live Oak Lodge,cloudbeds,,2027-12-16,2027-12-16,714,USD,fixed,2,,fixed,,fixed
203812___364779,Onera Fredericksburg Lantana Dome,cloudbeds,,2027-12-16,2027-12-16,538,USD,fixed,2,,fixed,,fixed
203812___364780,Onera Fredericksburg Sage Safari,cloudbeds,,2027-12-16,2027-12-16,538,USD,fixed,2,,fixed,,fixed
203812___364781,Onera Fredericksburg Monarch,cloudbeds,,2027-12-16,2027-12-16,714,USD,fixed,2,,fixed,,fixed
203812___364782,Onera Fredericksburg Buckeye Bungalow,cloudbeds,,2027-12-16,2027-12-16,538,USD,fixed,2,,fixed,,fixed
203812___490007,Onera Fredericksburg Cedar Haus,cloudbeds,,2027-12-16,2027-12-16,348,USD,fixed,2,,fixed,,fixed
203812___490024,Onera Fredericksburg Juniper Haus,cloudbeds,,2027-12-16,2027-12-16,348,USD,fixed,2,,fixed,,fixed
203812___528745,Onera Fredericksburg Pecan Haus,cloudbeds,,2027-12-16,2027-12-16,348,USD,fixed,2,,fixed,,fixed
203812___634080,Onera Fredericksburg Bluebonnet,cloudbeds,,2027-12-16,2027-12-16,538,USD,fixed,2,,fixed,,fixed
203812___643757,Onera Fredericksburg Great Lodge,cloudbeds,,2027-12-16,2027-12-16,3265,USD,fixed,2,,fixed,,fixed
203812___643760,Onera Fredericksburg Post Oak,cloudbeds,,2027-12-16,2027-12-16,458,USD,fixed,2,,fixed,,fixed
203812___643762,Onera Fredericksburg Cypress Lodge | Sleeps 4 -- 2 units,cloudbeds,,2027-12-16,2027-12-16,574,USD,fixed,2,,fixed,,fixed
203812___643764,Onera Fredericksburg Quonset -- 2 units,cloudbeds,,2027-12-16,2027-12-16,574,USD,fixed,2,,fixed,,fixed
203812___643766,Onera Fredericksburg Winecup -- 2 units,cloudbeds,,2027-12-16,2027-12-16,574,USD,fixed,2,,fixed,,fixed
203812___643771,Onera Fredericksburg Diamond -- 3 units,cloudbeds,,2027-12-16,2027-12-16,672,USD,fixed,2,,fixed,,fixed
203812___643772,Onera Fredericksburg Spiral,cloudbeds,,2027-12-16,2027-12-16,574,USD,fixed,2,,fixed,,fixed
203812___643773,Onera Fredericksburg Monolith -- 2 units,cloudbeds,,2027-12-16,2027-12-16,810,USD,fixed,2,,fixed,,fixed
203812___643775,Onera Fredericksburg Great Lodge : King Room -- 6 units,cloudbeds,,2027-12-16,2027-12-16,408,USD,fixed,2,,fixed,,fixed
203812___655699,Onera Fredericksburg Diamond (Pet-friendly),cloudbeds,,2027-12-16,2027-12-16,672,USD,fixed,2,,fixed,,fixed
203812___655703,Onera Fredericksburg Winecup (Pet-friendly),cloudbeds,,2027-12-16,2027-12-16,574,USD,fixed,2,,fixed,,fixed
203812___655821,Onera Fredericksburg Cypress Lodge | Pet-Friendly  Sleeps 4,cloudbeds,,2027-12-16,2027-12-16,574,USD,fixed,2,,fixed,,fixed
203812___655825,Onera Fredericksburg Cypress Lodge | Pet-Friendly  Sleeps 2,cloudbeds,,2027-12-16,2027-12-16,458,USD,fixed,2,,fixed,,fixed
203812___655826,Onera Fredericksburg Cypress Lodge | Sleeps 2 -- 2 units,cloudbeds,,2027-12-16,2027-12-16,458,USD,fixed,2,,fixed,,fixed
203812___655827,Onera Fredericksburg Cypress Lodge | Sleeps 6 -- 2 units,cloudbeds,,2027-12-16,2027-12-16,672,USD,fixed,2,,fixed,,fixed
203812___655829,Onera Fredericksburg Cypress Lodge | Pet-Friendly Sleeps 6,cloudbeds,,2027-12-16,2027-12-16,672,USD,fixed,2,,fixed,,fixed
203812___657152,Onera Fredericksburg Great Lodge : King Room (Accessible) -- 2 units,cloudbeds,,2027-12-16,2027-12-16,408,USD,fixed,2,,fixed,,fixed
203812___362535,Onera Fredericksburg Cocoon,cloudbeds,Pre-XMAS,2027-12-17,2027-12-17,963,USD,fixed,2,,fixed,,fixed
203812___364773,Onera Fredericksburg Walnut House,cloudbeds,Pre-XMAS,2027-12-17,2027-12-17,1178,USD,fixed,2,,fixed,,fixed
203812___364776,Onera Fredericksburg Spyglass,cloudbeds,Pre-XMAS,2027-12-17,2027-12-17,1178,USD,fixed,2,,fixed,,fixed
203812___364778,Onera Fredericksburg Live Oak Lodge,cloudbeds,Pre-XMAS,2027-12-17,2027-12-17,1178,USD,fixed,2,,fixed,,fixed
203812___364779,Onera Fredericksburg Lantana Dome,cloudbeds,Pre-XMAS,2027-12-17,2027-12-17,963,USD,fixed,2,,fixed,,fixed
203812___364780,Onera Fredericksburg Sage Safari,cloudbeds,Pre-XMAS,2027-12-17,2027-12-17,963,USD,fixed,2,,fixed,,fixed
203812___364781,Onera Fredericksburg Monarch,cloudbeds,Pre-XMAS,2027-12-17,2027-12-17,1178,USD,fixed,2,,fixed,,fixed
203812___364782,Onera Fredericksburg Buckeye Bungalow,cloudbeds,Pre-XMAS,2027-12-17,2027-12-17,963,USD,fixed,2,,fixed,,fixed
203812___490007,Onera Fredericksburg Cedar Haus,cloudbeds,Pre-XMAS,2027-12-17,2027-12-17,707,USD,fixed,2,,fixed,,fixed
203812___490024,Onera Fredericksburg Juniper Haus,cloudbeds,Pre-XMAS,2027-12-17,2027-12-17,707,USD,fixed,2,,fixed,,fixed
203812___528745,Onera Fredericksburg Pecan Haus,cloudbeds,Pre-XMAS,2027-12-17,2027-12-17,707,USD,fixed,2,,fixed,,fixed
203812___634080,Onera Fredericksburg Bluebonnet,cloudbeds,Pre-XMAS,2027-12-17,2027-12-17,963,USD,fixed,2,,fixed,,fixed
203812___643757,Onera Fredericksburg Great Lodge,cloudbeds,Pre-XMAS,2027-12-17,2027-12-17,4612,USD,fixed,2,,fixed,,fixed
203812___643760,Onera Fredericksburg Post Oak,cloudbeds,Pre-XMAS,2027-12-17,2027-12-17,855,USD,fixed,2,,fixed,,fixed
203812___643762,Onera Fredericksburg Cypress Lodge | Sleeps 4 -- 2 units,cloudbeds,Pre-XMAS,2027-12-17,2027-12-17,998,USD,fixed,2,,fixed,,fixed
203812___643764,Onera Fredericksburg Quonset -- 2 units,cloudbeds,Pre-XMAS,2027-12-17,2027-12-17,998,USD,fixed,2,,fixed,,fixed
203812___643766,Onera Fredericksburg Winecup -- 2 units,cloudbeds,Pre-XMAS,2027-12-17,2027-12-17,998,USD,fixed,2,,fixed,,fixed
203812___643771,Onera Fredericksburg Diamond -- 3 units,cloudbeds,Pre-XMAS,2027-12-17,2027-12-17,1124,USD,fixed,2,,fixed,,fixed
203812___643772,Onera Fredericksburg Spiral,cloudbeds,Pre-XMAS,2027-12-17,2027-12-17,998,USD,fixed,2,,fixed,,fixed
203812___643773,Onera Fredericksburg Monolith -- 2 units,cloudbeds,Pre-XMAS,2027-12-17,2027-12-17,1300,USD,fixed,2,,fixed,,fixed
203812___643775,Onera Fredericksburg Great Lodge : King Room -- 6 units,cloudbeds,Pre-XMAS,2027-12-17,2027-12-17,786,USD,fixed,2,,fixed,,fixed
203812___655699,Onera Fredericksburg Diamond (Pet-friendly),cloudbeds,Pre-XMAS,2027-12-17,2027-12-17,1124,USD,fixed,2,,fixed,,fixed
203812___655703,Onera Fredericksburg Winecup (Pet-friendly),cloudbeds,Pre-XMAS,2027-12-17,2027-12-17,998,USD,fixed,2,,fixed,,fixed
203812___655821,Onera Fredericksburg Cypress Lodge | Pet-Friendly  Sleeps 4,cloudbeds,Pre-XMAS,2027-12-17,2027-12-17,998,USD,fixed,2,,fixed,,fixed
203812___655825,Onera Fredericksburg Cypress Lodge | Pet-Friendly  Sleeps 2,cloudbeds,Pre-XMAS,2027-12-17,2027-12-17,855,USD,fixed,2,,fixed,,fixed
203812___655826,Onera Fredericksburg Cypress Lodge | Sleeps 2 -- 2 units,cloudbeds,Pre-XMAS,2027-12-17,2027-12-17,855,USD,fixed,2,,fixed,,fixed
203812___655827,Onera Fredericksburg Cypress Lodge | Sleeps 6 -- 2 units,cloudbeds,Pre-XMAS,2027-12-17,2027-12-17,1124,USD,fixed,2,,fixed,,fixed
203812___655829,Onera Fredericksburg Cypress Lodge | Pet-Friendly Sleeps 6,cloudbeds,Pre-XMAS,2027-12-17,2027-12-17,1124,USD,fixed,2,,fixed,,fixed
203812___657152,Onera Fredericksburg Great Lodge : King Room (Accessible) -- 2 units,cloudbeds,Pre-XMAS,2027-12-17,2027-12-17,786,USD,fixed,2,,fixed,,fixed
203812___362535,Onera Fredericksburg Cocoon,cloudbeds,Pre-XMAS,2027-12-18,2027-12-18,963,USD,fixed,2,,fixed,,fixed
203812___364773,Onera Fredericksburg Walnut House,cloudbeds,Pre-XMAS,2027-12-18,2027-12-18,1178,USD,fixed,2,,fixed,,fixed
203812___364776,Onera Fredericksburg Spyglass,cloudbeds,Pre-XMAS,2027-12-18,2027-12-18,1178,USD,fixed,2,,fixed,,fixed
203812___364778,Onera Fredericksburg Live Oak Lodge,cloudbeds,Pre-XMAS,2027-12-18,2027-12-18,1178,USD,fixed,2,,fixed,,fixed
203812___364779,Onera Fredericksburg Lantana Dome,cloudbeds,Pre-XMAS,2027-12-18,2027-12-18,963,USD,fixed,2,,fixed,,fixed
203812___364780,Onera Fredericksburg Sage Safari,cloudbeds,Pre-XMAS,2027-12-18,2027-12-18,963,USD,fixed,2,,fixed,,fixed
203812___364781,Onera Fredericksburg Monarch,cloudbeds,Pre-XMAS,2027-12-18,2027-12-18,1178,USD,fixed,2,,fixed,,fixed
203812___364782,Onera Fredericksburg Buckeye Bungalow,cloudbeds,Pre-XMAS,2027-12-18,2027-12-18,963,USD,fixed,2,,fixed,,fixed
203812___490007,Onera Fredericksburg Cedar Haus,cloudbeds,Pre-XMAS,2027-12-18,2027-12-18,707,USD,fixed,2,,fixed,,fixed
203812___490024,Onera Fredericksburg Juniper Haus,cloudbeds,Pre-XMAS,2027-12-18,2027-12-18,707,USD,fixed,2,,fixed,,fixed
203812___528745,Onera Fredericksburg Pecan Haus,cloudbeds,Pre-XMAS,2027-12-18,2027-12-18,707,USD,fixed,2,,fixed,,fixed
203812___634080,Onera Fredericksburg Bluebonnet,cloudbeds,Pre-XMAS,2027-12-18,2027-12-18,963,USD,fixed,2,,fixed,,fixed
203812___643757,Onera Fredericksburg Great Lodge,cloudbeds,Pre-XMAS,2027-12-18,2027-12-18,4612,USD,fixed,2,,fixed,,fixed
203812___643760,Onera Fredericksburg Post Oak,cloudbeds,Pre-XMAS,2027-12-18,2027-12-18,855,USD,fixed,2,,fixed,,fixed
203812___643762,Onera Fredericksburg Cypress Lodge | Sleeps 4 -- 2 units,cloudbeds,Pre-XMAS,2027-12-18,2027-12-18,998,USD,fixed,2,,fixed,,fixed
203812___643764,Onera Fredericksburg Quonset -- 2 units,cloudbeds,Pre-XMAS,2027-12-18,2027-12-18,998,USD,fixed,2,,fixed,,fixed
203812___643766,Onera Fredericksburg Winecup -- 2 units,cloudbeds,Pre-XMAS,2027-12-18,2027-12-18,998,USD,fixed,2,,fixed,,fixed
203812___643771,Onera Fredericksburg Diamond -- 3 units,cloudbeds,Pre-XMAS,2027-12-18,2027-12-18,1124,USD,fixed,2,,fixed,,fixed
203812___643772,Onera Fredericksburg Spiral,cloudbeds,Pre-XMAS,2027-12-18,2027-12-18,998,USD,fixed,2,,fixed,,fixed
203812___643773,Onera Fredericksburg Monolith -- 2 units,cloudbeds,Pre-XMAS,2027-12-18,2027-12-18,1300,USD,fixed,2,,fixed,,fixed
203812___643775,Onera Fredericksburg Great Lodge : King Room -- 6 units,cloudbeds,Pre-XMAS,2027-12-18,2027-12-18,786,USD,fixed,2,,fixed,,fixed
203812___655699,Onera Fredericksburg Diamond (Pet-friendly),cloudbeds,Pre-XMAS,2027-12-18,2027-12-18,1124,USD,fixed,2,,fixed,,fixed
203812___655703,Onera Fredericksburg Winecup (Pet-friendly),cloudbeds,Pre-XMAS,2027-12-18,2027-12-18,998,USD,fixed,2,,fixed,,fixed
203812___655821,Onera Fredericksburg Cypress Lodge | Pet-Friendly  Sleeps 4,cloudbeds,Pre-XMAS,2027-12-18,2027-12-18,998,USD,fixed,2,,fixed,,fixed
203812___655825,Onera Fredericksburg Cypress Lodge | Pet-Friendly  Sleeps 2,cloudbeds,Pre-XMAS,2027-12-18,2027-12-18,855,USD,fixed,2,,fixed,,fixed
203812___655826,Onera Fredericksburg Cypress Lodge | Sleeps 2 -- 2 units,cloudbeds,Pre-XMAS,2027-12-18,2027-12-18,855,USD,fixed,2,,fixed,,fixed
203812___655827,Onera Fredericksburg Cypress Lodge | Sleeps 6 -- 2 units,cloudbeds,Pre-XMAS,2027-12-18,2027-12-18,1124,USD,fixed,2,,fixed,,fixed
203812___655829,Onera Fredericksburg Cypress Lodge | Pet-Friendly Sleeps 6,cloudbeds,Pre-XMAS,2027-12-18,2027-12-18,1124,USD,fixed,2,,fixed,,fixed
203812___657152,Onera Fredericksburg Great Lodge : King Room (Accessible) -- 2 units,cloudbeds,Pre-XMAS,2027-12-18,2027-12-18,786,USD,fixed,2,,fixed,,fixed
203812___362535,Onera Fredericksburg Cocoon,cloudbeds,Pre-XMAS,2027-12-19,2027-12-19,645,USD,fixed,2,,fixed,,fixed
203812___364773,Onera Fredericksburg Walnut House,cloudbeds,Pre-XMAS,2027-12-19,2027-12-19,857,USD,fixed,2,,fixed,,fixed
203812___364776,Onera Fredericksburg Spyglass,cloudbeds,Pre-XMAS,2027-12-19,2027-12-19,857,USD,fixed,2,,fixed,,fixed
203812___364778,Onera Fredericksburg Live Oak Lodge,cloudbeds,Pre-XMAS,2027-12-19,2027-12-19,857,USD,fixed,2,,fixed,,fixed
203812___364779,Onera Fredericksburg Lantana Dome,cloudbeds,Pre-XMAS,2027-12-19,2027-12-19,645,USD,fixed,2,,fixed,,fixed
203812___364780,Onera Fredericksburg Sage Safari,cloudbeds,Pre-XMAS,2027-12-19,2027-12-19,645,USD,fixed,2,,fixed,,fixed
203812___364781,Onera Fredericksburg Monarch,cloudbeds,Pre-XMAS,2027-12-19,2027-12-19,857,USD,fixed,2,,fixed,,fixed
203812___364782,Onera Fredericksburg Buckeye Bungalow,cloudbeds,Pre-XMAS,2027-12-19,2027-12-19,645,USD,fixed,2,,fixed,,fixed
203812___490007,Onera Fredericksburg Cedar Haus,cloudbeds,Pre-XMAS,2027-12-19,2027-12-19,417,USD,fixed,2,,fixed,,fixed
203812___490024,Onera Fredericksburg Juniper Haus,cloudbeds,Pre-XMAS,2027-12-19,2027-12-19,417,USD,fixed,2,,fixed,,fixed
203812___528745,Onera Fredericksburg Pecan Haus,cloudbeds,Pre-XMAS,2027-12-19,2027-12-19,417,USD,fixed,2,,fixed,,fixed
203812___634080,Onera Fredericksburg Bluebonnet,cloudbeds,Pre-XMAS,2027-12-19,2027-12-19,645,USD,fixed,2,,fixed,,fixed
203812___643757,Onera Fredericksburg Great Lodge,cloudbeds,Pre-XMAS,2027-12-19,2027-12-19,3918,USD,fixed,2,,fixed,,fixed
203812___643760,Onera Fredericksburg Post Oak,cloudbeds,Pre-XMAS,2027-12-19,2027-12-19,549,USD,fixed,2,,fixed,,fixed
203812___643762,Onera Fredericksburg Cypress Lodge | Sleeps 4 -- 2 units,cloudbeds,Pre-XMAS,2027-12-19,2027-12-19,689,USD,fixed,2,,fixed,,fixed
203812___643764,Onera Fredericksburg Quonset -- 2 units,cloudbeds,Pre-XMAS,2027-12-19,2027-12-19,689,USD,fixed,2,,fixed,,fixed
203812___643766,Onera Fredericksburg Winecup -- 2 units,cloudbeds,Pre-XMAS,2027-12-19,2027-12-19,689,USD,fixed,2,,fixed,,fixed
203812___643771,Onera Fredericksburg Diamond -- 3 units,cloudbeds,Pre-XMAS,2027-12-19,2027-12-19,806,USD,fixed,2,,fixed,,fixed
203812___643772,Onera Fredericksburg Spiral,cloudbeds,Pre-XMAS,2027-12-19,2027-12-19,689,USD,fixed,2,,fixed,,fixed
203812___643773,Onera Fredericksburg Monolith -- 2 units,cloudbeds,Pre-XMAS,2027-12-19,2027-12-19,972,USD,fixed,2,,fixed,,fixed
203812___643775,Onera Fredericksburg Great Lodge : King Room -- 6 units,cloudbeds,Pre-XMAS,2027-12-19,2027-12-19,490,USD,fixed,2,,fixed,,fixed
203812___655699,Onera Fredericksburg Diamond (Pet-friendly),cloudbeds,Pre-XMAS,2027-12-19,2027-12-19,806,USD,fixed,2,,fixed,,fixed
203812___655703,Onera Fredericksburg Winecup (Pet-friendly),cloudbeds,Pre-XMAS,2027-12-19,2027-12-19,689,USD,fixed,2,,fixed,,fixed
203812___655821,Onera Fredericksburg Cypress Lodge | Pet-Friendly  Sleeps 4,cloudbeds,Pre-XMAS,2027-12-19,2027-12-19,689,USD,fixed,2,,fixed,,fixed
203812___655825,Onera Fredericksburg Cypress Lodge | Pet-Friendly  Sleeps 2,cloudbeds,Pre-XMAS,2027-12-19,2027-12-19,549,USD,fixed,2,,fixed,,fixed
203812___655826,Onera Fredericksburg Cypress Lodge | Sleeps 2 -- 2 units,cloudbeds,Pre-XMAS,2027-12-19,2027-12-19,549,USD,fixed,2,,fixed,,fixed
203812___655827,Onera Fredericksburg Cypress Lodge | Sleeps 6 -- 2 units,cloudbeds,Pre-XMAS,2027-12-19,2027-12-19,806,USD,fixed,2,,fixed,,fixed
203812___655829,Onera Fredericksburg Cypress Lodge | Pet-Friendly Sleeps 6,cloudbeds,Pre-XMAS,2027-12-19,2027-12-19,806,USD,fixed,2,,fixed,,fixed
203812___657152,Onera Fredericksburg Great Lodge : King Room (Accessible) -- 2 units,cloudbeds,Pre-XMAS,2027-12-19,2027-12-19,490,USD,fixed,2,,fixed,,fixed
203812___362535,Onera Fredericksburg Cocoon,cloudbeds,Pre-XMAS,2027-12-20,2027-12-20,522,USD,fixed,2,,fixed,,fixed
203812___364773,Onera Fredericksburg Walnut House,cloudbeds,Pre-XMAS,2027-12-20,2027-12-20,706,USD,fixed,2,,fixed,,fixed
203812___364776,Onera Fredericksburg Spyglass,cloudbeds,Pre-XMAS,2027-12-20,2027-12-20,706,USD,fixed,2,,fixed,,fixed
203812___364778,Onera Fredericksburg Live Oak Lodge,cloudbeds,Pre-XMAS,2027-12-20,2027-12-20,706,USD,fixed,2,,fixed,,fixed
203812___364779,Onera Fredericksburg Lantana Dome,cloudbeds,Pre-XMAS,2027-12-20,2027-12-20,522,USD,fixed,2,,fixed,,fixed
203812___364780,Onera Fredericksburg Sage Safari,cloudbeds,Pre-XMAS,2027-12-20,2027-12-20,522,USD,fixed,2,,fixed,,fixed
203812___364781,Onera Fredericksburg Monarch,cloudbeds,Pre-XMAS,2027-12-20,2027-12-20,706,USD,fixed,2,,fixed,,fixed
203812___364782,Onera Fredericksburg Buckeye Bungalow,cloudbeds,Pre-XMAS,2027-12-20,2027-12-20,522,USD,fixed,2,,fixed,,fixed
203812___490007,Onera Fredericksburg Cedar Haus,cloudbeds,Pre-XMAS,2027-12-20,2027-12-20,337,USD,fixed,2,,fixed,,fixed
203812___490024,Onera Fredericksburg Juniper Haus,cloudbeds,Pre-XMAS,2027-12-20,2027-12-20,337,USD,fixed,2,,fixed,,fixed
203812___528745,Onera Fredericksburg Pecan Haus,cloudbeds,Pre-XMAS,2027-12-20,2027-12-20,337,USD,fixed,2,,fixed,,fixed
203812___634080,Onera Fredericksburg Bluebonnet,cloudbeds,Pre-XMAS,2027-12-20,2027-12-20,522,USD,fixed,2,,fixed,,fixed
203812___643757,Onera Fredericksburg Great Lodge,cloudbeds,Pre-XMAS,2027-12-20,2027-12-20,3187,USD,fixed,2,,fixed,,fixed
203812___643760,Onera Fredericksburg Post Oak,cloudbeds,Pre-XMAS,2027-12-20,2027-12-20,448,USD,fixed,2,,fixed,,fixed
203812___643762,Onera Fredericksburg Cypress Lodge | Sleeps 4 -- 2 units,cloudbeds,Pre-XMAS,2027-12-20,2027-12-20,569,USD,fixed,2,,fixed,,fixed
203812___643764,Onera Fredericksburg Quonset -- 2 units,cloudbeds,Pre-XMAS,2027-12-20,2027-12-20,569,USD,fixed,2,,fixed,,fixed
203812___643766,Onera Fredericksburg Winecup -- 2 units,cloudbeds,Pre-XMAS,2027-12-20,2027-12-20,569,USD,fixed,2,,fixed,,fixed
203812___643771,Onera Fredericksburg Diamond -- 3 units,cloudbeds,Pre-XMAS,2027-12-20,2027-12-20,661,USD,fixed,2,,fixed,,fixed
203812___643772,Onera Fredericksburg Spiral,cloudbeds,Pre-XMAS,2027-12-20,2027-12-20,569,USD,fixed,2,,fixed,,fixed
203812___643773,Onera Fredericksburg Monolith -- 2 units,cloudbeds,Pre-XMAS,2027-12-20,2027-12-20,804,USD,fixed,2,,fixed,,fixed
203812___643775,Onera Fredericksburg Great Lodge : King Room -- 6 units,cloudbeds,Pre-XMAS,2027-12-20,2027-12-20,398,USD,fixed,2,,fixed,,fixed
203812___655699,Onera Fredericksburg Diamond (Pet-friendly),cloudbeds,Pre-XMAS,2027-12-20,2027-12-20,661,USD,fixed,2,,fixed,,fixed
203812___655703,Onera Fredericksburg Winecup (Pet-friendly),cloudbeds,Pre-XMAS,2027-12-20,2027-12-20,569,USD,fixed,2,,fixed,,fixed
203812___655821,Onera Fredericksburg Cypress Lodge | Pet-Friendly  Sleeps 4,cloudbeds,Pre-XMAS,2027-12-20,2027-12-20,569,USD,fixed,2,,fixed,,fixed
203812___655825,Onera Fredericksburg Cypress Lodge | Pet-Friendly  Sleeps 2,cloudbeds,Pre-XMAS,2027-12-20,2027-12-20,448,USD,fixed,2,,fixed,,fixed
203812___655826,Onera Fredericksburg Cypress Lodge | Sleeps 2 -- 2 units,cloudbeds,Pre-XMAS,2027-12-20,2027-12-20,448,USD,fixed,2,,fixed,,fixed
203812___655827,Onera Fredericksburg Cypress Lodge | Sleeps 6 -- 2 units,cloudbeds,Pre-XMAS,2027-12-20,2027-12-20,661,USD,fixed,2,,fixed,,fixed
203812___655829,Onera Fredericksburg Cypress Lodge | Pet-Friendly Sleeps 6,cloudbeds,Pre-XMAS,2027-12-20,2027-12-20,661,USD,fixed,2,,fixed,,fixed
203812___657152,Onera Fredericksburg Great Lodge : King Room (Accessible) -- 2 units,cloudbeds,Pre-XMAS,2027-12-20,2027-12-20,398,USD,fixed,2,,fixed,,fixed
203812___362535,Onera Fredericksburg Cocoon,cloudbeds,Pre-XMAS,2027-12-21,2027-12-21,522,USD,fixed,2,,fixed,,fixed
203812___364773,Onera Fredericksburg Walnut House,cloudbeds,Pre-XMAS,2027-12-21,2027-12-21,706,USD,fixed,2,,fixed,,fixed
203812___364776,Onera Fredericksburg Spyglass,cloudbeds,Pre-XMAS,2027-12-21,2027-12-21,706,USD,fixed,2,,fixed,,fixed
203812___364778,Onera Fredericksburg Live Oak Lodge,cloudbeds,Pre-XMAS,2027-12-21,2027-12-21,706,USD,fixed,2,,fixed,,fixed
203812___364779,Onera Fredericksburg Lantana Dome,cloudbeds,Pre-XMAS,2027-12-21,2027-12-21,522,USD,fixed,2,,fixed,,fixed
203812___364780,Onera Fredericksburg Sage Safari,cloudbeds,Pre-XMAS,2027-12-21,2027-12-21,522,USD,fixed,2,,fixed,,fixed
203812___364781,Onera Fredericksburg Monarch,cloudbeds,Pre-XMAS,2027-12-21,2027-12-21,706,USD,fixed,2,,fixed,,fixed
203812___364782,Onera Fredericksburg Buckeye Bungalow,cloudbeds,Pre-XMAS,2027-12-21,2027-12-21,522,USD,fixed,2,,fixed,,fixed
203812___490007,Onera Fredericksburg Cedar Haus,cloudbeds,Pre-XMAS,2027-12-21,2027-12-21,337,USD,fixed,2,,fixed,,fixed
203812___490024,Onera Fredericksburg Juniper Haus,cloudbeds,Pre-XMAS,2027-12-21,2027-12-21,337,USD,fixed,2,,fixed,,fixed
203812___528745,Onera Fredericksburg Pecan Haus,cloudbeds,Pre-XMAS,2027-12-21,2027-12-21,337,USD,fixed,2,,fixed,,fixed
203812___634080,Onera Fredericksburg Bluebonnet,cloudbeds,Pre-XMAS,2027-12-21,2027-12-21,522,USD,fixed,2,,fixed,,fixed
203812___643757,Onera Fredericksburg Great Lodge,cloudbeds,Pre-XMAS,2027-12-21,2027-12-21,3187,USD,fixed,2,,fixed,,fixed
203812___643760,Onera Fredericksburg Post Oak,cloudbeds,Pre-XMAS,2027-12-21,2027-12-21,448,USD,fixed,2,,fixed,,fixed
203812___643762,Onera Fredericksburg Cypress Lodge | Sleeps 4 -- 2 units,cloudbeds,Pre-XMAS,2027-12-21,2027-12-21,569,USD,fixed,2,,fixed,,fixed
203812___643764,Onera Fredericksburg Quonset -- 2 units,cloudbeds,Pre-XMAS,2027-12-21,2027-12-21,569,USD,fixed,2,,fixed,,fixed
203812___643766,Onera Fredericksburg Winecup -- 2 units,cloudbeds,Pre-XMAS,2027-12-21,2027-12-21,569,USD,fixed,2,,fixed,,fixed
203812___643771,Onera Fredericksburg Diamond -- 3 units,cloudbeds,Pre-XMAS,2027-12-21,2027-12-21,661,USD,fixed,2,,fixed,,fixed
203812___643772,Onera Fredericksburg Spiral,cloudbeds,Pre-XMAS,2027-12-21,2027-12-21,569,USD,fixed,2,,fixed,,fixed
203812___643773,Onera Fredericksburg Monolith -- 2 units,cloudbeds,Pre-XMAS,2027-12-21,2027-12-21,804,USD,fixed,2,,fixed,,fixed
203812___643775,Onera Fredericksburg Great Lodge : King Room -- 6 units,cloudbeds,Pre-XMAS,2027-12-21,2027-12-21,398,USD,fixed,2,,fixed,,fixed
203812___655699,Onera Fredericksburg Diamond (Pet-friendly),cloudbeds,Pre-XMAS,2027-12-21,2027-12-21,661,USD,fixed,2,,fixed,,fixed
203812___655703,Onera Fredericksburg Winecup (Pet-friendly),cloudbeds,Pre-XMAS,2027-12-21,2027-12-21,569,USD,fixed,2,,fixed,,fixed
203812___655821,Onera Fredericksburg Cypress Lodge | Pet-Friendly  Sleeps 4,cloudbeds,Pre-XMAS,2027-12-21,2027-12-21,569,USD,fixed,2,,fixed,,fixed
203812___655825,Onera Fredericksburg Cypress Lodge | Pet-Friendly  Sleeps 2,cloudbeds,Pre-XMAS,2027-12-21,2027-12-21,448,USD,fixed,2,,fixed,,fixed
203812___655826,Onera Fredericksburg Cypress Lodge | Sleeps 2 -- 2 units,cloudbeds,Pre-XMAS,2027-12-21,2027-12-21,448,USD,fixed,2,,fixed,,fixed
203812___655827,Onera Fredericksburg Cypress Lodge | Sleeps 6 -- 2 units,cloudbeds,Pre-XMAS,2027-12-21,2027-12-21,661,USD,fixed,2,,fixed,,fixed
203812___655829,Onera Fredericksburg Cypress Lodge | Pet-Friendly Sleeps 6,cloudbeds,Pre-XMAS,2027-12-21,2027-12-21,661,USD,fixed,2,,fixed,,fixed
203812___657152,Onera Fredericksburg Great Lodge : King Room (Accessible) -- 2 units,cloudbeds,Pre-XMAS,2027-12-21,2027-12-21,398,USD,fixed,2,,fixed,,fixed
203812___362535,Onera Fredericksburg Cocoon,cloudbeds,Pre-XMAS,2027-12-22,2027-12-22,522,USD,fixed,2,,fixed,,fixed
203812___364773,Onera Fredericksburg Walnut House,cloudbeds,Pre-XMAS,2027-12-22,2027-12-22,706,USD,fixed,2,,fixed,,fixed
203812___364776,Onera Fredericksburg Spyglass,cloudbeds,Pre-XMAS,2027-12-22,2027-12-22,706,USD,fixed,2,,fixed,,fixed
203812___364778,Onera Fredericksburg Live Oak Lodge,cloudbeds,Pre-XMAS,2027-12-22,2027-12-22,706,USD,fixed,2,,fixed,,fixed
203812___364779,Onera Fredericksburg Lantana Dome,cloudbeds,Pre-XMAS,2027-12-22,2027-12-22,522,USD,fixed,2,,fixed,,fixed
203812___364780,Onera Fredericksburg Sage Safari,cloudbeds,Pre-XMAS,2027-12-22,2027-12-22,522,USD,fixed,2,,fixed,,fixed
203812___364781,Onera Fredericksburg Monarch,cloudbeds,Pre-XMAS,2027-12-22,2027-12-22,706,USD,fixed,2,,fixed,,fixed
203812___364782,Onera Fredericksburg Buckeye Bungalow,cloudbeds,Pre-XMAS,2027-12-22,2027-12-22,522,USD,fixed,2,,fixed,,fixed
203812___490007,Onera Fredericksburg Cedar Haus,cloudbeds,Pre-XMAS,2027-12-22,2027-12-22,337,USD,fixed,2,,fixed,,fixed
203812___490024,Onera Fredericksburg Juniper Haus,cloudbeds,Pre-XMAS,2027-12-22,2027-12-22,337,USD,fixed,2,,fixed,,fixed
203812___528745,Onera Fredericksburg Pecan Haus,cloudbeds,Pre-XMAS,2027-12-22,2027-12-22,337,USD,fixed,2,,fixed,,fixed
203812___634080,Onera Fredericksburg Bluebonnet,cloudbeds,Pre-XMAS,2027-12-22,2027-12-22,522,USD,fixed,2,,fixed,,fixed
203812___643757,Onera Fredericksburg Great Lodge,cloudbeds,Pre-XMAS,2027-12-22,2027-12-22,3187,USD,fixed,2,,fixed,,fixed
203812___643760,Onera Fredericksburg Post Oak,cloudbeds,Pre-XMAS,2027-12-22,2027-12-22,448,USD,fixed,2,,fixed,,fixed
203812___643762,Onera Fredericksburg Cypress Lodge | Sleeps 4 -- 2 units,cloudbeds,Pre-XMAS,2027-12-22,2027-12-22,569,USD,fixed,2,,fixed,,fixed
203812___643764,Onera Fredericksburg Quonset -- 2 units,cloudbeds,Pre-XMAS,2027-12-22,2027-12-22,569,USD,fixed,2,,fixed,,fixed
203812___643766,Onera Fredericksburg Winecup -- 2 units,cloudbeds,Pre-XMAS,2027-12-22,2027-12-22,569,USD,fixed,2,,fixed,,fixed
203812___643771,Onera Fredericksburg Diamond -- 3 units,cloudbeds,Pre-XMAS,2027-12-22,2027-12-22,661,USD,fixed,2,,fixed,,fixed
203812___643772,Onera Fredericksburg Spiral,cloudbeds,Pre-XMAS,2027-12-22,2027-12-22,569,USD,fixed,2,,fixed,,fixed
203812___643773,Onera Fredericksburg Monolith -- 2 units,cloudbeds,Pre-XMAS,2027-12-22,2027-12-22,804,USD,fixed,2,,fixed,,fixed
203812___643775,Onera Fredericksburg Great Lodge : King Room -- 6 units,cloudbeds,Pre-XMAS,2027-12-22,2027-12-22,398,USD,fixed,2,,fixed,,fixed
203812___655699,Onera Fredericksburg Diamond (Pet-friendly),cloudbeds,Pre-XMAS,2027-12-22,2027-12-22,661,USD,fixed,2,,fixed,,fixed
203812___655703,Onera Fredericksburg Winecup (Pet-friendly),cloudbeds,Pre-XMAS,2027-12-22,2027-12-22,569,USD,fixed,2,,fixed,,fixed
203812___655821,Onera Fredericksburg Cypress Lodge | Pet-Friendly  Sleeps 4,cloudbeds,Pre-XMAS,2027-12-22,2027-12-22,569,USD,fixed,2,,fixed,,fixed
203812___655825,Onera Fredericksburg Cypress Lodge | Pet-Friendly  Sleeps 2,cloudbeds,Pre-XMAS,2027-12-22,2027-12-22,448,USD,fixed,2,,fixed,,fixed
203812___655826,Onera Fredericksburg Cypress Lodge | Sleeps 2 -- 2 units,cloudbeds,Pre-XMAS,2027-12-22,2027-12-22,448,USD,fixed,2,,fixed,,fixed
203812___655827,Onera Fredericksburg Cypress Lodge | Sleeps 6 -- 2 units,cloudbeds,Pre-XMAS,2027-12-22,2027-12-22,661,USD,fixed,2,,fixed,,fixed
203812___655829,Onera Fredericksburg Cypress Lodge | Pet-Friendly Sleeps 6,cloudbeds,Pre-XMAS,2027-12-22,2027-12-22,661,USD,fixed,2,,fixed,,fixed
203812___657152,Onera Fredericksburg Great Lodge : King Room (Accessible) -- 2 units,cloudbeds,Pre-XMAS,2027-12-22,2027-12-22,398,USD,fixed,2,,fixed,,fixed
203812___362535,Onera Fredericksburg Cocoon,cloudbeds,Pre-XMAS,2027-12-23,2027-12-23,645,USD,fixed,2,,fixed,,fixed
203812___364773,Onera Fredericksburg Walnut House,cloudbeds,Pre-XMAS,2027-12-23,2027-12-23,857,USD,fixed,2,,fixed,,fixed
203812___364776,Onera Fredericksburg Spyglass,cloudbeds,Pre-XMAS,2027-12-23,2027-12-23,857,USD,fixed,2,,fixed,,fixed
203812___364778,Onera Fredericksburg Live Oak Lodge,cloudbeds,Pre-XMAS,2027-12-23,2027-12-23,857,USD,fixed,2,,fixed,,fixed
203812___364779,Onera Fredericksburg Lantana Dome,cloudbeds,Pre-XMAS,2027-12-23,2027-12-23,645,USD,fixed,2,,fixed,,fixed
203812___364780,Onera Fredericksburg Sage Safari,cloudbeds,Pre-XMAS,2027-12-23,2027-12-23,645,USD,fixed,2,,fixed,,fixed
203812___364781,Onera Fredericksburg Monarch,cloudbeds,Pre-XMAS,2027-12-23,2027-12-23,857,USD,fixed,2,,fixed,,fixed
203812___364782,Onera Fredericksburg Buckeye Bungalow,cloudbeds,Pre-XMAS,2027-12-23,2027-12-23,645,USD,fixed,2,,fixed,,fixed
203812___490007,Onera Fredericksburg Cedar Haus,cloudbeds,Pre-XMAS,2027-12-23,2027-12-23,417,USD,fixed,2,,fixed,,fixed
203812___490024,Onera Fredericksburg Juniper Haus,cloudbeds,Pre-XMAS,2027-12-23,2027-12-23,417,USD,fixed,2,,fixed,,fixed
203812___528745,Onera Fredericksburg Pecan Haus,cloudbeds,Pre-XMAS,2027-12-23,2027-12-23,417,USD,fixed,2,,fixed,,fixed
203812___634080,Onera Fredericksburg Bluebonnet,cloudbeds,Pre-XMAS,2027-12-23,2027-12-23,645,USD,fixed,2,,fixed,,fixed
203812___643757,Onera Fredericksburg Great Lodge,cloudbeds,Pre-XMAS,2027-12-23,2027-12-23,3918,USD,fixed,2,,fixed,,fixed
203812___643760,Onera Fredericksburg Post Oak,cloudbeds,Pre-XMAS,2027-12-23,2027-12-23,549,USD,fixed,2,,fixed,,fixed
203812___643762,Onera Fredericksburg Cypress Lodge | Sleeps 4 -- 2 units,cloudbeds,Pre-XMAS,2027-12-23,2027-12-23,689,USD,fixed,2,,fixed,,fixed
203812___643764,Onera Fredericksburg Quonset -- 2 units,cloudbeds,Pre-XMAS,2027-12-23,2027-12-23,689,USD,fixed,2,,fixed,,fixed
203812___643766,Onera Fredericksburg Winecup -- 2 units,cloudbeds,Pre-XMAS,2027-12-23,2027-12-23,689,USD,fixed,2,,fixed,,fixed
203812___643771,Onera Fredericksburg Diamond -- 3 units,cloudbeds,Pre-XMAS,2027-12-23,2027-12-23,806,USD,fixed,2,,fixed,,fixed
203812___643772,Onera Fredericksburg Spiral,cloudbeds,Pre-XMAS,2027-12-23,2027-12-23,689,USD,fixed,2,,fixed,,fixed
203812___643773,Onera Fredericksburg Monolith -- 2 units,cloudbeds,Pre-XMAS,2027-12-23,2027-12-23,972,USD,fixed,2,,fixed,,fixed
203812___643775,Onera Fredericksburg Great Lodge : King Room -- 6 units,cloudbeds,Pre-XMAS,2027-12-23,2027-12-23,490,USD,fixed,2,,fixed,,fixed
203812___655699,Onera Fredericksburg Diamond (Pet-friendly),cloudbeds,Pre-XMAS,2027-12-23,2027-12-23,806,USD,fixed,2,,fixed,,fixed
203812___655703,Onera Fredericksburg Winecup (Pet-friendly),cloudbeds,Pre-XMAS,2027-12-23,2027-12-23,689,USD,fixed,2,,fixed,,fixed
203812___655821,Onera Fredericksburg Cypress Lodge | Pet-Friendly  Sleeps 4,cloudbeds,Pre-XMAS,2027-12-23,2027-12-23,689,USD,fixed,2,,fixed,,fixed
203812___655825,Onera Fredericksburg Cypress Lodge | Pet-Friendly  Sleeps 2,cloudbeds,Pre-XMAS,2027-12-23,2027-12-23,549,USD,fixed,2,,fixed,,fixed
203812___655826,Onera Fredericksburg Cypress Lodge | Sleeps 2 -- 2 units,cloudbeds,Pre-XMAS,2027-12-23,2027-12-23,549,USD,fixed,2,,fixed,,fixed
203812___655827,Onera Fredericksburg Cypress Lodge | Sleeps 6 -- 2 units,cloudbeds,Pre-XMAS,2027-12-23,2027-12-23,806,USD,fixed,2,,fixed,,fixed
203812___655829,Onera Fredericksburg Cypress Lodge | Pet-Friendly Sleeps 6,cloudbeds,Pre-XMAS,2027-12-23,2027-12-23,806,USD,fixed,2,,fixed,,fixed
203812___657152,Onera Fredericksburg Great Lodge : King Room (Accessible) -- 2 units,cloudbeds,Pre-XMAS,2027-12-23,2027-12-23,490,USD,fixed,2,,fixed,,fixed
203812___362535,Onera Fredericksburg Cocoon,cloudbeds,XMAS,2027-12-24,2027-12-24,1284,USD,fixed,2,,fixed,,fixed
203812___364773,Onera Fredericksburg Walnut House,cloudbeds,XMAS,2027-12-24,2027-12-24,1964,USD,fixed,2,,fixed,,fixed
203812___364776,Onera Fredericksburg Spyglass,cloudbeds,XMAS,2027-12-24,2027-12-24,1964,USD,fixed,2,,fixed,,fixed
203812___364778,Onera Fredericksburg Live Oak Lodge,cloudbeds,XMAS,2027-12-24,2027-12-24,1964,USD,fixed,2,,fixed,,fixed
203812___364779,Onera Fredericksburg Lantana Dome,cloudbeds,XMAS,2027-12-24,2027-12-24,1284,USD,fixed,2,,fixed,,fixed
203812___364780,Onera Fredericksburg Sage Safari,cloudbeds,XMAS,2027-12-24,2027-12-24,1284,USD,fixed,2,,fixed,,fixed
203812___364781,Onera Fredericksburg Monarch,cloudbeds,XMAS,2027-12-24,2027-12-24,1964,USD,fixed,2,,fixed,,fixed
203812___364782,Onera Fredericksburg Buckeye Bungalow,cloudbeds,XMAS,2027-12-24,2027-12-24,1284,USD,fixed,2,,fixed,,fixed
203812___490007,Onera Fredericksburg Cedar Haus,cloudbeds,XMAS,2027-12-24,2027-12-24,943,USD,fixed,2,,fixed,,fixed
203812___490024,Onera Fredericksburg Juniper Haus,cloudbeds,XMAS,2027-12-24,2027-12-24,943,USD,fixed,2,,fixed,,fixed
203812___528745,Onera Fredericksburg Pecan Haus,cloudbeds,XMAS,2027-12-24,2027-12-24,943,USD,fixed,2,,fixed,,fixed
203812___634080,Onera Fredericksburg Bluebonnet,cloudbeds,XMAS,2027-12-24,2027-12-24,1284,USD,fixed,2,,fixed,,fixed
203812___643757,Onera Fredericksburg Great Lodge,cloudbeds,XMAS,2027-12-24,2027-12-24,7686,USD,fixed,2,,fixed,,fixed
203812___643760,Onera Fredericksburg Post Oak,cloudbeds,XMAS,2027-12-24,2027-12-24,1140,USD,fixed,2,,fixed,,fixed
203812___643762,Onera Fredericksburg Cypress Lodge | Sleeps 4 -- 2 units,cloudbeds,XMAS,2027-12-24,2027-12-24,1330,USD,fixed,2,,fixed,,fixed
203812___643764,Onera Fredericksburg Quonset -- 2 units,cloudbeds,XMAS,2027-12-24,2027-12-24,1330,USD,fixed,2,,fixed,,fixed
203812___643766,Onera Fredericksburg Winecup -- 2 units,cloudbeds,XMAS,2027-12-24,2027-12-24,1330,USD,fixed,2,,fixed,,fixed
203812___643771,Onera Fredericksburg Diamond -- 3 units,cloudbeds,XMAS,2027-12-24,2027-12-24,1874,USD,fixed,2,,fixed,,fixed
203812___643772,Onera Fredericksburg Spiral,cloudbeds,XMAS,2027-12-24,2027-12-24,1330,USD,fixed,2,,fixed,,fixed
203812___643773,Onera Fredericksburg Monolith -- 2 units,cloudbeds,XMAS,2027-12-24,2027-12-24,2166,USD,fixed,2,,fixed,,fixed
203812___643775,Onera Fredericksburg Great Lodge : King Room -- 6 units,cloudbeds,XMAS,2027-12-24,2027-12-24,1049,USD,fixed,2,,fixed,,fixed
203812___655699,Onera Fredericksburg Diamond (Pet-friendly),cloudbeds,XMAS,2027-12-24,2027-12-24,1874,USD,fixed,2,,fixed,,fixed
203812___655703,Onera Fredericksburg Winecup (Pet-friendly),cloudbeds,XMAS,2027-12-24,2027-12-24,1330,USD,fixed,2,,fixed,,fixed
203812___655821,Onera Fredericksburg Cypress Lodge | Pet-Friendly  Sleeps 4,cloudbeds,XMAS,2027-12-24,2027-12-24,1330,USD,fixed,2,,fixed,,fixed
203812___655825,Onera Fredericksburg Cypress Lodge | Pet-Friendly  Sleeps 2,cloudbeds,XMAS,2027-12-24,2027-12-24,1140,USD,fixed,2,,fixed,,fixed
203812___655826,Onera Fredericksburg Cypress Lodge | Sleeps 2 -- 2 units,cloudbeds,XMAS,2027-12-24,2027-12-24,1140,USD,fixed,2,,fixed,,fixed
203812___655827,Onera Fredericksburg Cypress Lodge | Sleeps 6 -- 2 units,cloudbeds,XMAS,2027-12-24,2027-12-24,1874,USD,fixed,2,,fixed,,fixed
203812___655829,Onera Fredericksburg Cypress Lodge | Pet-Friendly Sleeps 6,cloudbeds,XMAS,2027-12-24,2027-12-24,1874,USD,fixed,2,,fixed,,fixed
203812___657152,Onera Fredericksburg Great Lodge : King Room (Accessible) -- 2 units,cloudbeds,XMAS,2027-12-24,2027-12-24,1049,USD,fixed,2,,fixed,,fixed
203812___362535,Onera Fredericksburg Cocoon,cloudbeds,XMAS,2027-12-25,2027-12-25,1284,USD,fixed,2,,fixed,,fixed
203812___364773,Onera Fredericksburg Walnut House,cloudbeds,XMAS,2027-12-25,2027-12-25,1964,USD,fixed,2,,fixed,,fixed
203812___364776,Onera Fredericksburg Spyglass,cloudbeds,XMAS,2027-12-25,2027-12-25,1964,USD,fixed,2,,fixed,,fixed
203812___364778,Onera Fredericksburg Live Oak Lodge,cloudbeds,XMAS,2027-12-25,2027-12-25,1964,USD,fixed,2,,fixed,,fixed
203812___364779,Onera Fredericksburg Lantana Dome,cloudbeds,XMAS,2027-12-25,2027-12-25,1284,USD,fixed,2,,fixed,,fixed
203812___364780,Onera Fredericksburg Sage Safari,cloudbeds,XMAS,2027-12-25,2027-12-25,1284,USD,fixed,2,,fixed,,fixed
203812___364781,Onera Fredericksburg Monarch,cloudbeds,XMAS,2027-12-25,2027-12-25,1964,USD,fixed,2,,fixed,,fixed
203812___364782,Onera Fredericksburg Buckeye Bungalow,cloudbeds,XMAS,2027-12-25,2027-12-25,1284,USD,fixed,2,,fixed,,fixed
203812___490007,Onera Fredericksburg Cedar Haus,cloudbeds,XMAS,2027-12-25,2027-12-25,943,USD,fixed,2,,fixed,,fixed
203812___490024,Onera Fredericksburg Juniper Haus,cloudbeds,XMAS,2027-12-25,2027-12-25,943,USD,fixed,2,,fixed,,fixed
203812___528745,Onera Fredericksburg Pecan Haus,cloudbeds,XMAS,2027-12-25,2027-12-25,943,USD,fixed,2,,fixed,,fixed
203812___634080,Onera Fredericksburg Bluebonnet,cloudbeds,XMAS,2027-12-25,2027-12-25,1284,USD,fixed,2,,fixed,,fixed
203812___643757,Onera Fredericksburg Great Lodge,cloudbeds,XMAS,2027-12-25,2027-12-25,7686,USD,fixed,2,,fixed,,fixed
203812___643760,Onera Fredericksburg Post Oak,cloudbeds,XMAS,2027-12-25,2027-12-25,1140,USD,fixed,2,,fixed,,fixed
203812___643762,Onera Fredericksburg Cypress Lodge | Sleeps 4 -- 2 units,cloudbeds,XMAS,2027-12-25,2027-12-25,1330,USD,fixed,2,,fixed,,fixed
203812___643764,Onera Fredericksburg Quonset -- 2 units,cloudbeds,XMAS,2027-12-25,2027-12-25,1330,USD,fixed,2,,fixed,,fixed
203812___643766,Onera Fredericksburg Winecup -- 2 units,cloudbeds,XMAS,2027-12-25,2027-12-25,1330,USD,fixed,2,,fixed,,fixed
203812___643771,Onera Fredericksburg Diamond -- 3 units,cloudbeds,XMAS,2027-12-25,2027-12-25,1874,USD,fixed,2,,fixed,,fixed
203812___643772,Onera Fredericksburg Spiral,cloudbeds,XMAS,2027-12-25,2027-12-25,1330,USD,fixed,2,,fixed,,fixed
203812___643773,Onera Fredericksburg Monolith -- 2 units,cloudbeds,XMAS,2027-12-25,2027-12-25,2166,USD,fixed,2,,fixed,,fixed
203812___643775,Onera Fredericksburg Great Lodge : King Room -- 6 units,cloudbeds,XMAS,2027-12-25,2027-12-25,1049,USD,fixed,2,,fixed,,fixed
203812___655699,Onera Fredericksburg Diamond (Pet-friendly),cloudbeds,XMAS,2027-12-25,2027-12-25,1874,USD,fixed,2,,fixed,,fixed
203812___655703,Onera Fredericksburg Winecup (Pet-friendly),cloudbeds,XMAS,2027-12-25,2027-12-25,1330,USD,fixed,2,,fixed,,fixed
203812___655821,Onera Fredericksburg Cypress Lodge | Pet-Friendly  Sleeps 4,cloudbeds,XMAS,2027-12-25,2027-12-25,1330,USD,fixed,2,,fixed,,fixed
203812___655825,Onera Fredericksburg Cypress Lodge | Pet-Friendly  Sleeps 2,cloudbeds,XMAS,2027-12-25,2027-12-25,1140,USD,fixed,2,,fixed,,fixed
203812___655826,Onera Fredericksburg Cypress Lodge | Sleeps 2 -- 2 units,cloudbeds,XMAS,2027-12-25,2027-12-25,1140,USD,fixed,2,,fixed,,fixed
203812___655827,Onera Fredericksburg Cypress Lodge | Sleeps 6 -- 2 units,cloudbeds,XMAS,2027-12-25,2027-12-25,1874,USD,fixed,2,,fixed,,fixed
203812___655829,Onera Fredericksburg Cypress Lodge | Pet-Friendly Sleeps 6,cloudbeds,XMAS,2027-12-25,2027-12-25,1874,USD,fixed,2,,fixed,,fixed
203812___657152,Onera Fredericksburg Great Lodge : King Room (Accessible) -- 2 units,cloudbeds,XMAS,2027-12-25,2027-12-25,1049,USD,fixed,2,,fixed,,fixed
203812___362535,Onera Fredericksburg Cocoon,cloudbeds,XMAS,2027-12-26,2027-12-26,1284,USD,fixed,2,,fixed,,fixed
203812___364773,Onera Fredericksburg Walnut House,cloudbeds,XMAS,2027-12-26,2027-12-26,1964,USD,fixed,2,,fixed,,fixed
203812___364776,Onera Fredericksburg Spyglass,cloudbeds,XMAS,2027-12-26,2027-12-26,1964,USD,fixed,2,,fixed,,fixed
203812___364778,Onera Fredericksburg Live Oak Lodge,cloudbeds,XMAS,2027-12-26,2027-12-26,1964,USD,fixed,2,,fixed,,fixed
203812___364779,Onera Fredericksburg Lantana Dome,cloudbeds,XMAS,2027-12-26,2027-12-26,1284,USD,fixed,2,,fixed,,fixed
203812___364780,Onera Fredericksburg Sage Safari,cloudbeds,XMAS,2027-12-26,2027-12-26,1284,USD,fixed,2,,fixed,,fixed
203812___364781,Onera Fredericksburg Monarch,cloudbeds,XMAS,2027-12-26,2027-12-26,1964,USD,fixed,2,,fixed,,fixed
203812___364782,Onera Fredericksburg Buckeye Bungalow,cloudbeds,XMAS,2027-12-26,2027-12-26,1284,USD,fixed,2,,fixed,,fixed
203812___490007,Onera Fredericksburg Cedar Haus,cloudbeds,XMAS,2027-12-26,2027-12-26,943,USD,fixed,2,,fixed,,fixed
203812___490024,Onera Fredericksburg Juniper Haus,cloudbeds,XMAS,2027-12-26,2027-12-26,943,USD,fixed,2,,fixed,,fixed
203812___528745,Onera Fredericksburg Pecan Haus,cloudbeds,XMAS,2027-12-26,2027-12-26,943,USD,fixed,2,,fixed,,fixed
203812___634080,Onera Fredericksburg Bluebonnet,cloudbeds,XMAS,2027-12-26,2027-12-26,1284,USD,fixed,2,,fixed,,fixed
203812___643757,Onera Fredericksburg Great Lodge,cloudbeds,XMAS,2027-12-26,2027-12-26,7686,USD,fixed,2,,fixed,,fixed
203812___643760,Onera Fredericksburg Post Oak,cloudbeds,XMAS,2027-12-26,2027-12-26,1140,USD,fixed,2,,fixed,,fixed
203812___643762,Onera Fredericksburg Cypress Lodge | Sleeps 4 -- 2 units,cloudbeds,XMAS,2027-12-26,2027-12-26,1330,USD,fixed,2,,fixed,,fixed
203812___643764,Onera Fredericksburg Quonset -- 2 units,cloudbeds,XMAS,2027-12-26,2027-12-26,1330,USD,fixed,2,,fixed,,fixed
203812___643766,Onera Fredericksburg Winecup -- 2 units,cloudbeds,XMAS,2027-12-26,2027-12-26,1330,USD,fixed,2,,fixed,,fixed
203812___643771,Onera Fredericksburg Diamond -- 3 units,cloudbeds,XMAS,2027-12-26,2027-12-26,1874,USD,fixed,2,,fixed,,fixed
203812___643772,Onera Fredericksburg Spiral,cloudbeds,XMAS,2027-12-26,2027-12-26,1330,USD,fixed,2,,fixed,,fixed
203812___643773,Onera Fredericksburg Monolith -- 2 units,cloudbeds,XMAS,2027-12-26,2027-12-26,2166,USD,fixed,2,,fixed,,fixed
203812___643775,Onera Fredericksburg Great Lodge : King Room -- 6 units,cloudbeds,XMAS,2027-12-26,2027-12-26,1049,USD,fixed,2,,fixed,,fixed
203812___655699,Onera Fredericksburg Diamond (Pet-friendly),cloudbeds,XMAS,2027-12-26,2027-12-26,1874,USD,fixed,2,,fixed,,fixed
203812___655703,Onera Fredericksburg Winecup (Pet-friendly),cloudbeds,XMAS,2027-12-26,2027-12-26,1330,USD,fixed,2,,fixed,,fixed
203812___655821,Onera Fredericksburg Cypress Lodge | Pet-Friendly  Sleeps 4,cloudbeds,XMAS,2027-12-26,2027-12-26,1330,USD,fixed,2,,fixed,,fixed
203812___655825,Onera Fredericksburg Cypress Lodge | Pet-Friendly  Sleeps 2,cloudbeds,XMAS,2027-12-26,2027-12-26,1140,USD,fixed,2,,fixed,,fixed
203812___655826,Onera Fredericksburg Cypress Lodge | Sleeps 2 -- 2 units,cloudbeds,XMAS,2027-12-26,2027-12-26,1140,USD,fixed,2,,fixed,,fixed
203812___655827,Onera Fredericksburg Cypress Lodge | Sleeps 6 -- 2 units,cloudbeds,XMAS,2027-12-26,2027-12-26,1874,USD,fixed,2,,fixed,,fixed
203812___655829,Onera Fredericksburg Cypress Lodge | Pet-Friendly Sleeps 6,cloudbeds,XMAS,2027-12-26,2027-12-26,1874,USD,fixed,2,,fixed,,fixed
203812___657152,Onera Fredericksburg Great Lodge : King Room (Accessible) -- 2 units,cloudbeds,XMAS,2027-12-26,2027-12-26,1049,USD,fixed,2,,fixed,,fixed
203812___362535,Onera Fredericksburg Cocoon,cloudbeds,,2027-12-27,2027-12-27,435,USD,fixed,2,,fixed,,fixed
203812___364773,Onera Fredericksburg Walnut House,cloudbeds,,2027-12-27,2027-12-27,589,USD,fixed,2,,fixed,,fixed
203812___364776,Onera Fredericksburg Spyglass,cloudbeds,,2027-12-27,2027-12-27,589,USD,fixed,2,,fixed,,fixed
203812___364778,Onera Fredericksburg Live Oak Lodge,cloudbeds,,2027-12-27,2027-12-27,589,USD,fixed,2,,fixed,,fixed
203812___364779,Onera Fredericksburg Lantana Dome,cloudbeds,,2027-12-27,2027-12-27,435,USD,fixed,2,,fixed,,fixed
203812___364780,Onera Fredericksburg Sage Safari,cloudbeds,,2027-12-27,2027-12-27,435,USD,fixed,2,,fixed,,fixed
203812___364781,Onera Fredericksburg Monarch,cloudbeds,,2027-12-27,2027-12-27,589,USD,fixed,2,,fixed,,fixed
203812___364782,Onera Fredericksburg Buckeye Bungalow,cloudbeds,,2027-12-27,2027-12-27,435,USD,fixed,2,,fixed,,fixed
203812___490007,Onera Fredericksburg Cedar Haus,cloudbeds,,2027-12-27,2027-12-27,281,USD,fixed,2,,fixed,,fixed
203812___490024,Onera Fredericksburg Juniper Haus,cloudbeds,,2027-12-27,2027-12-27,281,USD,fixed,2,,fixed,,fixed
203812___528745,Onera Fredericksburg Pecan Haus,cloudbeds,,2027-12-27,2027-12-27,281,USD,fixed,2,,fixed,,fixed
203812___634080,Onera Fredericksburg Bluebonnet,cloudbeds,,2027-12-27,2027-12-27,435,USD,fixed,2,,fixed,,fixed
203812___643757,Onera Fredericksburg Great Lodge,cloudbeds,,2027-12-27,2027-12-27,2656,USD,fixed,2,,fixed,,fixed
203812___643760,Onera Fredericksburg Post Oak,cloudbeds,,2027-12-27,2027-12-27,373,USD,fixed,2,,fixed,,fixed
203812___643762,Onera Fredericksburg Cypress Lodge | Sleeps 4 -- 2 units,cloudbeds,,2027-12-27,2027-12-27,474,USD,fixed,2,,fixed,,fixed
203812___643764,Onera Fredericksburg Quonset -- 2 units,cloudbeds,,2027-12-27,2027-12-27,474,USD,fixed,2,,fixed,,fixed
203812___643766,Onera Fredericksburg Winecup -- 2 units,cloudbeds,,2027-12-27,2027-12-27,474,USD,fixed,2,,fixed,,fixed
203812___643771,Onera Fredericksburg Diamond -- 3 units,cloudbeds,,2027-12-27,2027-12-27,551,USD,fixed,2,,fixed,,fixed
203812___643772,Onera Fredericksburg Spiral,cloudbeds,,2027-12-27,2027-12-27,474,USD,fixed,2,,fixed,,fixed
203812___643773,Onera Fredericksburg Monolith -- 2 units,cloudbeds,,2027-12-27,2027-12-27,670,USD,fixed,2,,fixed,,fixed
203812___643775,Onera Fredericksburg Great Lodge : King Room -- 6 units,cloudbeds,,2027-12-27,2027-12-27,332,USD,fixed,2,,fixed,,fixed
203812___655699,Onera Fredericksburg Diamond (Pet-friendly),cloudbeds,,2027-12-27,2027-12-27,551,USD,fixed,2,,fixed,,fixed
203812___655703,Onera Fredericksburg Winecup (Pet-friendly),cloudbeds,,2027-12-27,2027-12-27,474,USD,fixed,2,,fixed,,fixed
203812___655821,Onera Fredericksburg Cypress Lodge | Pet-Friendly  Sleeps 4,cloudbeds,,2027-12-27,2027-12-27,474,USD,fixed,2,,fixed,,fixed
203812___655825,Onera Fredericksburg Cypress Lodge | Pet-Friendly  Sleeps 2,cloudbeds,,2027-12-27,2027-12-27,373,USD,fixed,2,,fixed,,fixed
203812___655826,Onera Fredericksburg Cypress Lodge | Sleeps 2 -- 2 units,cloudbeds,,2027-12-27,2027-12-27,373,USD,fixed,2,,fixed,,fixed
203812___655827,Onera Fredericksburg Cypress Lodge | Sleeps 6 -- 2 units,cloudbeds,,2027-12-27,2027-12-27,551,USD,fixed,2,,fixed,,fixed
203812___655829,Onera Fredericksburg Cypress Lodge | Pet-Friendly Sleeps 6,cloudbeds,,2027-12-27,2027-12-27,551,USD,fixed,2,,fixed,,fixed
203812___657152,Onera Fredericksburg Great Lodge : King Room (Accessible) -- 2 units,cloudbeds,,2027-12-27,2027-12-27,332,USD,fixed,2,,fixed,,fixed
203812___362535,Onera Fredericksburg Cocoon,cloudbeds,,2027-12-28,2027-12-28,435,USD,fixed,2,,fixed,,fixed
203812___364773,Onera Fredericksburg Walnut House,cloudbeds,,2027-12-28,2027-12-28,589,USD,fixed,2,,fixed,,fixed
203812___364776,Onera Fredericksburg Spyglass,cloudbeds,,2027-12-28,2027-12-28,589,USD,fixed,2,,fixed,,fixed
203812___364778,Onera Fredericksburg Live Oak Lodge,cloudbeds,,2027-12-28,2027-12-28,589,USD,fixed,2,,fixed,,fixed
203812___364779,Onera Fredericksburg Lantana Dome,cloudbeds,,2027-12-28,2027-12-28,435,USD,fixed,2,,fixed,,fixed
203812___364780,Onera Fredericksburg Sage Safari,cloudbeds,,2027-12-28,2027-12-28,435,USD,fixed,2,,fixed,,fixed
203812___364781,Onera Fredericksburg Monarch,cloudbeds,,2027-12-28,2027-12-28,589,USD,fixed,2,,fixed,,fixed
203812___364782,Onera Fredericksburg Buckeye Bungalow,cloudbeds,,2027-12-28,2027-12-28,435,USD,fixed,2,,fixed,,fixed
203812___490007,Onera Fredericksburg Cedar Haus,cloudbeds,,2027-12-28,2027-12-28,281,USD,fixed,2,,fixed,,fixed
203812___490024,Onera Fredericksburg Juniper Haus,cloudbeds,,2027-12-28,2027-12-28,281,USD,fixed,2,,fixed,,fixed
203812___528745,Onera Fredericksburg Pecan Haus,cloudbeds,,2027-12-28,2027-12-28,281,USD,fixed,2,,fixed,,fixed
203812___634080,Onera Fredericksburg Bluebonnet,cloudbeds,,2027-12-28,2027-12-28,435,USD,fixed,2,,fixed,,fixed
203812___643757,Onera Fredericksburg Great Lodge,cloudbeds,,2027-12-28,2027-12-28,2656,USD,fixed,2,,fixed,,fixed
203812___643760,Onera Fredericksburg Post Oak,cloudbeds,,2027-12-28,2027-12-28,373,USD,fixed,2,,fixed,,fixed
203812___643762,Onera Fredericksburg Cypress Lodge | Sleeps 4 -- 2 units,cloudbeds,,2027-12-28,2027-12-28,474,USD,fixed,2,,fixed,,fixed
203812___643764,Onera Fredericksburg Quonset -- 2 units,cloudbeds,,2027-12-28,2027-12-28,474,USD,fixed,2,,fixed,,fixed
203812___643766,Onera Fredericksburg Winecup -- 2 units,cloudbeds,,2027-12-28,2027-12-28,474,USD,fixed,2,,fixed,,fixed
203812___643771,Onera Fredericksburg Diamond -- 3 units,cloudbeds,,2027-12-28,2027-12-28,551,USD,fixed,2,,fixed,,fixed
203812___643772,Onera Fredericksburg Spiral,cloudbeds,,2027-12-28,2027-12-28,474,USD,fixed,2,,fixed,,fixed
203812___643773,Onera Fredericksburg Monolith -- 2 units,cloudbeds,,2027-12-28,2027-12-28,670,USD,fixed,2,,fixed,,fixed
203812___643775,Onera Fredericksburg Great Lodge : King Room -- 6 units,cloudbeds,,2027-12-28,2027-12-28,332,USD,fixed,2,,fixed,,fixed
203812___655699,Onera Fredericksburg Diamond (Pet-friendly),cloudbeds,,2027-12-28,2027-12-28,551,USD,fixed,2,,fixed,,fixed
203812___655703,Onera Fredericksburg Winecup (Pet-friendly),cloudbeds,,2027-12-28,2027-12-28,474,USD,fixed,2,,fixed,,fixed
203812___655821,Onera Fredericksburg Cypress Lodge | Pet-Friendly  Sleeps 4,cloudbeds,,2027-12-28,2027-12-28,474,USD,fixed,2,,fixed,,fixed
203812___655825,Onera Fredericksburg Cypress Lodge | Pet-Friendly  Sleeps 2,cloudbeds,,2027-12-28,2027-12-28,373,USD,fixed,2,,fixed,,fixed
203812___655826,Onera Fredericksburg Cypress Lodge | Sleeps 2 -- 2 units,cloudbeds,,2027-12-28,2027-12-28,373,USD,fixed,2,,fixed,,fixed
203812___655827,Onera Fredericksburg Cypress Lodge | Sleeps 6 -- 2 units,cloudbeds,,2027-12-28,2027-12-28,551,USD,fixed,2,,fixed,,fixed
203812___655829,Onera Fredericksburg Cypress Lodge | Pet-Friendly Sleeps 6,cloudbeds,,2027-12-28,2027-12-28,551,USD,fixed,2,,fixed,,fixed
203812___657152,Onera Fredericksburg Great Lodge : King Room (Accessible) -- 2 units,cloudbeds,,2027-12-28,2027-12-28,332,USD,fixed,2,,fixed,,fixed
203812___362535,Onera Fredericksburg Cocoon,cloudbeds,,2027-12-29,2027-12-29,435,USD,fixed,2,,fixed,,fixed
203812___364773,Onera Fredericksburg Walnut House,cloudbeds,,2027-12-29,2027-12-29,589,USD,fixed,2,,fixed,,fixed
203812___364776,Onera Fredericksburg Spyglass,cloudbeds,,2027-12-29,2027-12-29,589,USD,fixed,2,,fixed,,fixed
203812___364778,Onera Fredericksburg Live Oak Lodge,cloudbeds,,2027-12-29,2027-12-29,589,USD,fixed,2,,fixed,,fixed
203812___364779,Onera Fredericksburg Lantana Dome,cloudbeds,,2027-12-29,2027-12-29,435,USD,fixed,2,,fixed,,fixed
203812___364780,Onera Fredericksburg Sage Safari,cloudbeds,,2027-12-29,2027-12-29,435,USD,fixed,2,,fixed,,fixed
203812___364781,Onera Fredericksburg Monarch,cloudbeds,,2027-12-29,2027-12-29,589,USD,fixed,2,,fixed,,fixed
203812___364782,Onera Fredericksburg Buckeye Bungalow,cloudbeds,,2027-12-29,2027-12-29,435,USD,fixed,2,,fixed,,fixed
203812___490007,Onera Fredericksburg Cedar Haus,cloudbeds,,2027-12-29,2027-12-29,281,USD,fixed,2,,fixed,,fixed
203812___490024,Onera Fredericksburg Juniper Haus,cloudbeds,,2027-12-29,2027-12-29,281,USD,fixed,2,,fixed,,fixed
203812___528745,Onera Fredericksburg Pecan Haus,cloudbeds,,2027-12-29,2027-12-29,281,USD,fixed,2,,fixed,,fixed
203812___634080,Onera Fredericksburg Bluebonnet,cloudbeds,,2027-12-29,2027-12-29,435,USD,fixed,2,,fixed,,fixed
203812___643757,Onera Fredericksburg Great Lodge,cloudbeds,,2027-12-29,2027-12-29,2656,USD,fixed,2,,fixed,,fixed
203812___643760,Onera Fredericksburg Post Oak,cloudbeds,,2027-12-29,2027-12-29,373,USD,fixed,2,,fixed,,fixed
203812___643762,Onera Fredericksburg Cypress Lodge | Sleeps 4 -- 2 units,cloudbeds,,2027-12-29,2027-12-29,474,USD,fixed,2,,fixed,,fixed
203812___643764,Onera Fredericksburg Quonset -- 2 units,cloudbeds,,2027-12-29,2027-12-29,474,USD,fixed,2,,fixed,,fixed
203812___643766,Onera Fredericksburg Winecup -- 2 units,cloudbeds,,2027-12-29,2027-12-29,474,USD,fixed,2,,fixed,,fixed
203812___643771,Onera Fredericksburg Diamond -- 3 units,cloudbeds,,2027-12-29,2027-12-29,551,USD,fixed,2,,fixed,,fixed
203812___643772,Onera Fredericksburg Spiral,cloudbeds,,2027-12-29,2027-12-29,474,USD,fixed,2,,fixed,,fixed
203812___643773,Onera Fredericksburg Monolith -- 2 units,cloudbeds,,2027-12-29,2027-12-29,670,USD,fixed,2,,fixed,,fixed
203812___643775,Onera Fredericksburg Great Lodge : King Room -- 6 units,cloudbeds,,2027-12-29,2027-12-29,332,USD,fixed,2,,fixed,,fixed
203812___655699,Onera Fredericksburg Diamond (Pet-friendly),cloudbeds,,2027-12-29,2027-12-29,551,USD,fixed,2,,fixed,,fixed
203812___655703,Onera Fredericksburg Winecup (Pet-friendly),cloudbeds,,2027-12-29,2027-12-29,474,USD,fixed,2,,fixed,,fixed
203812___655821,Onera Fredericksburg Cypress Lodge | Pet-Friendly  Sleeps 4,cloudbeds,,2027-12-29,2027-12-29,474,USD,fixed,2,,fixed,,fixed
203812___655825,Onera Fredericksburg Cypress Lodge | Pet-Friendly  Sleeps 2,cloudbeds,,2027-12-29,2027-12-29,373,USD,fixed,2,,fixed,,fixed
203812___655826,Onera Fredericksburg Cypress Lodge | Sleeps 2 -- 2 units,cloudbeds,,2027-12-29,2027-12-29,373,USD,fixed,2,,fixed,,fixed
203812___655827,Onera Fredericksburg Cypress Lodge | Sleeps 6 -- 2 units,cloudbeds,,2027-12-29,2027-12-29,551,USD,fixed,2,,fixed,,fixed
203812___655829,Onera Fredericksburg Cypress Lodge | Pet-Friendly Sleeps 6,cloudbeds,,2027-12-29,2027-12-29,551,USD,fixed,2,,fixed,,fixed
203812___657152,Onera Fredericksburg Great Lodge : King Room (Accessible) -- 2 units,cloudbeds,,2027-12-29,2027-12-29,332,USD,fixed,2,,fixed,,fixed
203812___362535,Onera Fredericksburg Cocoon,cloudbeds,NYE,2027-12-30,2027-12-30,1541,USD,fixed,2,,fixed,,fixed
203812___364773,Onera Fredericksburg Walnut House,cloudbeds,NYE,2027-12-30,2027-12-30,2357,USD,fixed,2,,fixed,,fixed
203812___364776,Onera Fredericksburg Spyglass,cloudbeds,NYE,2027-12-30,2027-12-30,2357,USD,fixed,2,,fixed,,fixed
203812___364778,Onera Fredericksburg Live Oak Lodge,cloudbeds,NYE,2027-12-30,2027-12-30,2357,USD,fixed,2,,fixed,,fixed
203812___364779,Onera Fredericksburg Lantana Dome,cloudbeds,NYE,2027-12-30,2027-12-30,1541,USD,fixed,2,,fixed,,fixed
203812___364780,Onera Fredericksburg Sage Safari,cloudbeds,NYE,2027-12-30,2027-12-30,1541,USD,fixed,2,,fixed,,fixed
203812___364781,Onera Fredericksburg Monarch,cloudbeds,NYE,2027-12-30,2027-12-30,2357,USD,fixed,2,,fixed,,fixed
203812___364782,Onera Fredericksburg Buckeye Bungalow,cloudbeds,NYE,2027-12-30,2027-12-30,1541,USD,fixed,2,,fixed,,fixed
203812___490007,Onera Fredericksburg Cedar Haus,cloudbeds,NYE,2027-12-30,2027-12-30,1132,USD,fixed,2,,fixed,,fixed
203812___490024,Onera Fredericksburg Juniper Haus,cloudbeds,NYE,2027-12-30,2027-12-30,1132,USD,fixed,2,,fixed,,fixed
203812___528745,Onera Fredericksburg Pecan Haus,cloudbeds,NYE,2027-12-30,2027-12-30,1132,USD,fixed,2,,fixed,,fixed
203812___634080,Onera Fredericksburg Bluebonnet,cloudbeds,NYE,2027-12-30,2027-12-30,1541,USD,fixed,2,,fixed,,fixed
203812___643757,Onera Fredericksburg Great Lodge,cloudbeds,NYE,2027-12-30,2027-12-30,9224,USD,fixed,2,,fixed,,fixed
203812___643760,Onera Fredericksburg Post Oak,cloudbeds,NYE,2027-12-30,2027-12-30,1368,USD,fixed,2,,fixed,,fixed
203812___643762,Onera Fredericksburg Cypress Lodge | Sleeps 4 -- 2 units,cloudbeds,NYE,2027-12-30,2027-12-30,1596,USD,fixed,2,,fixed,,fixed
203812___643764,Onera Fredericksburg Quonset -- 2 units,cloudbeds,NYE,2027-12-30,2027-12-30,1596,USD,fixed,2,,fixed,,fixed
203812___643766,Onera Fredericksburg Winecup -- 2 units,cloudbeds,NYE,2027-12-30,2027-12-30,1596,USD,fixed,2,,fixed,,fixed
203812___643771,Onera Fredericksburg Diamond -- 3 units,cloudbeds,NYE,2027-12-30,2027-12-30,2249,USD,fixed,2,,fixed,,fixed
203812___643772,Onera Fredericksburg Spiral,cloudbeds,NYE,2027-12-30,2027-12-30,1596,USD,fixed,2,,fixed,,fixed
203812___643773,Onera Fredericksburg Monolith -- 2 units,cloudbeds,NYE,2027-12-30,2027-12-30,2599,USD,fixed,2,,fixed,,fixed
203812___643775,Onera Fredericksburg Great Lodge : King Room -- 6 units,cloudbeds,NYE,2027-12-30,2027-12-30,1258,USD,fixed,2,,fixed,,fixed
203812___655699,Onera Fredericksburg Diamond (Pet-friendly),cloudbeds,NYE,2027-12-30,2027-12-30,2249,USD,fixed,2,,fixed,,fixed
203812___655703,Onera Fredericksburg Winecup (Pet-friendly),cloudbeds,NYE,2027-12-30,2027-12-30,1596,USD,fixed,2,,fixed,,fixed
203812___655821,Onera Fredericksburg Cypress Lodge | Pet-Friendly  Sleeps 4,cloudbeds,NYE,2027-12-30,2027-12-30,1596,USD,fixed,2,,fixed,,fixed
203812___655825,Onera Fredericksburg Cypress Lodge | Pet-Friendly  Sleeps 2,cloudbeds,NYE,2027-12-30,2027-12-30,1368,USD,fixed,2,,fixed,,fixed
203812___655826,Onera Fredericksburg Cypress Lodge | Sleeps 2 -- 2 units,cloudbeds,NYE,2027-12-30,2027-12-30,1368,USD,fixed,2,,fixed,,fixed
203812___655827,Onera Fredericksburg Cypress Lodge | Sleeps 6 -- 2 units,cloudbeds,NYE,2027-12-30,2027-12-30,2249,USD,fixed,2,,fixed,,fixed
203812___655829,Onera Fredericksburg Cypress Lodge | Pet-Friendly Sleeps 6,cloudbeds,NYE,2027-12-30,2027-12-30,2249,USD,fixed,2,,fixed,,fixed
203812___657152,Onera Fredericksburg Great Lodge : King Room (Accessible) -- 2 units,cloudbeds,NYE,2027-12-30,2027-12-30,1258,USD,fixed,2,,fixed,,fixed
203812___362535,Onera Fredericksburg Cocoon,cloudbeds,NYE,2027-12-31,2027-12-31,1541,USD,fixed,2,,fixed,,fixed
203812___364773,Onera Fredericksburg Walnut House,cloudbeds,NYE,2027-12-31,2027-12-31,2357,USD,fixed,2,,fixed,,fixed
203812___364776,Onera Fredericksburg Spyglass,cloudbeds,NYE,2027-12-31,2027-12-31,2357,USD,fixed,2,,fixed,,fixed
203812___364778,Onera Fredericksburg Live Oak Lodge,cloudbeds,NYE,2027-12-31,2027-12-31,2357,USD,fixed,2,,fixed,,fixed
203812___364779,Onera Fredericksburg Lantana Dome,cloudbeds,NYE,2027-12-31,2027-12-31,1541,USD,fixed,2,,fixed,,fixed
203812___364780,Onera Fredericksburg Sage Safari,cloudbeds,NYE,2027-12-31,2027-12-31,1541,USD,fixed,2,,fixed,,fixed
203812___364781,Onera Fredericksburg Monarch,cloudbeds,NYE,2027-12-31,2027-12-31,2357,USD,fixed,2,,fixed,,fixed
203812___364782,Onera Fredericksburg Buckeye Bungalow,cloudbeds,NYE,2027-12-31,2027-12-31,1541,USD,fixed,2,,fixed,,fixed
203812___490007,Onera Fredericksburg Cedar Haus,cloudbeds,NYE,2027-12-31,2027-12-31,1132,USD,fixed,2,,fixed,,fixed
203812___490024,Onera Fredericksburg Juniper Haus,cloudbeds,NYE,2027-12-31,2027-12-31,1132,USD,fixed,2,,fixed,,fixed
203812___528745,Onera Fredericksburg Pecan Haus,cloudbeds,NYE,2027-12-31,2027-12-31,1132,USD,fixed,2,,fixed,,fixed
203812___634080,Onera Fredericksburg Bluebonnet,cloudbeds,NYE,2027-12-31,2027-12-31,1541,USD,fixed,2,,fixed,,fixed
203812___643757,Onera Fredericksburg Great Lodge,cloudbeds,NYE,2027-12-31,2027-12-31,9224,USD,fixed,2,,fixed,,fixed
203812___643760,Onera Fredericksburg Post Oak,cloudbeds,NYE,2027-12-31,2027-12-31,1368,USD,fixed,2,,fixed,,fixed
203812___643762,Onera Fredericksburg Cypress Lodge | Sleeps 4 -- 2 units,cloudbeds,NYE,2027-12-31,2027-12-31,1596,USD,fixed,2,,fixed,,fixed
203812___643764,Onera Fredericksburg Quonset -- 2 units,cloudbeds,NYE,2027-12-31,2027-12-31,1596,USD,fixed,2,,fixed,,fixed
203812___643766,Onera Fredericksburg Winecup -- 2 units,cloudbeds,NYE,2027-12-31,2027-12-31,1596,USD,fixed,2,,fixed,,fixed
203812___643771,Onera Fredericksburg Diamond -- 3 units,cloudbeds,NYE,2027-12-31,2027-12-31,2249,USD,fixed,2,,fixed,,fixed
203812___643772,Onera Fredericksburg Spiral,cloudbeds,NYE,2027-12-31,2027-12-31,1596,USD,fixed,2,,fixed,,fixed
203812___643773,Onera Fredericksburg Monolith -- 2 units,cloudbeds,NYE,2027-12-31,2027-12-31,2599,USD,fixed,2,,fixed,,fixed
203812___643775,Onera Fredericksburg Great Lodge : King Room -- 6 units,cloudbeds,NYE,2027-12-31,2027-12-31,1258,USD,fixed,2,,fixed,,fixed
203812___655699,Onera Fredericksburg Diamond (Pet-friendly),cloudbeds,NYE,2027-12-31,2027-12-31,2249,USD,fixed,2,,fixed,,fixed
203812___655703,Onera Fredericksburg Winecup (Pet-friendly),cloudbeds,NYE,2027-12-31,2027-12-31,1596,USD,fixed,2,,fixed,,fixed
203812___655821,Onera Fredericksburg Cypress Lodge | Pet-Friendly  Sleeps 4,cloudbeds,NYE,2027-12-31,2027-12-31,1596,USD,fixed,2,,fixed,,fixed
203812___655825,Onera Fredericksburg Cypress Lodge | Pet-Friendly  Sleeps 2,cloudbeds,NYE,2027-12-31,2027-12-31,1368,USD,fixed,2,,fixed,,fixed
203812___655826,Onera Fredericksburg Cypress Lodge | Sleeps 2 -- 2 units,cloudbeds,NYE,2027-12-31,2027-12-31,1368,USD,fixed,2,,fixed,,fixed
203812___655827,Onera Fredericksburg Cypress Lodge | Sleeps 6 -- 2 units,cloudbeds,NYE,2027-12-31,2027-12-31,2249,USD,fixed,2,,fixed,,fixed
203812___655829,Onera Fredericksburg Cypress Lodge | Pet-Friendly Sleeps 6,cloudbeds,NYE,2027-12-31,2027-12-31,2249,USD,fixed,2,,fixed,,fixed
203812___657152,Onera Fredericksburg Great Lodge : King Room (Accessible) -- 2 units,cloudbeds,NYE,2027-12-31,2027-12-31,1258,USD,fixed,2,,fixed,,fixed
203812___362535,Onera Fredericksburg Cocoon,cloudbeds,NYE,2028-01-01,2028-01-01,1541,USD,fixed,2,,fixed,,fixed
203812___364773,Onera Fredericksburg Walnut House,cloudbeds,NYE,2028-01-01,2028-01-01,2357,USD,fixed,2,,fixed,,fixed
203812___364776,Onera Fredericksburg Spyglass,cloudbeds,NYE,2028-01-01,2028-01-01,2357,USD,fixed,2,,fixed,,fixed
203812___364778,Onera Fredericksburg Live Oak Lodge,cloudbeds,NYE,2028-01-01,2028-01-01,2357,USD,fixed,2,,fixed,,fixed
203812___364779,Onera Fredericksburg Lantana Dome,cloudbeds,NYE,2028-01-01,2028-01-01,1541,USD,fixed,2,,fixed,,fixed
203812___364780,Onera Fredericksburg Sage Safari,cloudbeds,NYE,2028-01-01,2028-01-01,1541,USD,fixed,2,,fixed,,fixed
203812___364781,Onera Fredericksburg Monarch,cloudbeds,NYE,2028-01-01,2028-01-01,2357,USD,fixed,2,,fixed,,fixed
203812___364782,Onera Fredericksburg Buckeye Bungalow,cloudbeds,NYE,2028-01-01,2028-01-01,1541,USD,fixed,2,,fixed,,fixed
203812___490007,Onera Fredericksburg Cedar Haus,cloudbeds,NYE,2028-01-01,2028-01-01,1132,USD,fixed,2,,fixed,,fixed
203812___490024,Onera Fredericksburg Juniper Haus,cloudbeds,NYE,2028-01-01,2028-01-01,1132,USD,fixed,2,,fixed,,fixed
203812___528745,Onera Fredericksburg Pecan Haus,cloudbeds,NYE,2028-01-01,2028-01-01,1132,USD,fixed,2,,fixed,,fixed
203812___634080,Onera Fredericksburg Bluebonnet,cloudbeds,NYE,2028-01-01,2028-01-01,1541,USD,fixed,2,,fixed,,fixed
203812___643757,Onera Fredericksburg Great Lodge,cloudbeds,NYE,2028-01-01,2028-01-01,9224,USD,fixed,2,,fixed,,fixed
203812___643760,Onera Fredericksburg Post Oak,cloudbeds,NYE,2028-01-01,2028-01-01,1368,USD,fixed,2,,fixed,,fixed
203812___643762,Onera Fredericksburg Cypress Lodge | Sleeps 4 -- 2 units,cloudbeds,NYE,2028-01-01,2028-01-01,1596,USD,fixed,2,,fixed,,fixed
203812___643764,Onera Fredericksburg Quonset -- 2 units,cloudbeds,NYE,2028-01-01,2028-01-01,1596,USD,fixed,2,,fixed,,fixed
203812___643766,Onera Fredericksburg Winecup -- 2 units,cloudbeds,NYE,2028-01-01,2028-01-01,1596,USD,fixed,2,,fixed,,fixed
203812___643771,Onera Fredericksburg Diamond -- 3 units,cloudbeds,NYE,2028-01-01,2028-01-01,2249,USD,fixed,2,,fixed,,fixed
203812___643772,Onera Fredericksburg Spiral,cloudbeds,NYE,2028-01-01,2028-01-01,1596,USD,fixed,2,,fixed,,fixed
203812___643773,Onera Fredericksburg Monolith -- 2 units,cloudbeds,NYE,2028-01-01,2028-01-01,2599,USD,fixed,2,,fixed,,fixed
203812___643775,Onera Fredericksburg Great Lodge : King Room -- 6 units,cloudbeds,NYE,2028-01-01,2028-01-01,1258,USD,fixed,2,,fixed,,fixed
203812___655699,Onera Fredericksburg Diamond (Pet-friendly),cloudbeds,NYE,2028-01-01,2028-01-01,2249,USD,fixed,2,,fixed,,fixed
203812___655703,Onera Fredericksburg Winecup (Pet-friendly),cloudbeds,NYE,2028-01-01,2028-01-01,1596,USD,fixed,2,,fixed,,fixed
203812___655821,Onera Fredericksburg Cypress Lodge | Pet-Friendly  Sleeps 4,cloudbeds,NYE,2028-01-01,2028-01-01,1596,USD,fixed,2,,fixed,,fixed
203812___655825,Onera Fredericksburg Cypress Lodge | Pet-Friendly  Sleeps 2,cloudbeds,NYE,2028-01-01,2028-01-01,1368,USD,fixed,2,,fixed,,fixed
203812___655826,Onera Fredericksburg Cypress Lodge | Sleeps 2 -- 2 units,cloudbeds,NYE,2028-01-01,2028-01-01,1368,USD,fixed,2,,fixed,,fixed
203812___655827,Onera Fredericksburg Cypress Lodge | Sleeps 6 -- 2 units,cloudbeds,NYE,2028-01-01,2028-01-01,2249,USD,fixed,2,,fixed,,fixed
203812___655829,Onera Fredericksburg Cypress Lodge | Pet-Friendly Sleeps 6,cloudbeds,NYE,2028-01-01,2028-01-01,2249,USD,fixed,2,,fixed,,fixed
203812___657152,Onera Fredericksburg Great Lodge : King Room (Accessible) -- 2 units,cloudbeds,NYE,2028-01-01,2028-01-01,1258,USD,fixed,2,,fixed,,fixed
203812___362535,Onera Fredericksburg Cocoon,cloudbeds,NYE,2028-01-02,2028-01-02,1079,USD,fixed,2,,fixed,,fixed
203812___364773,Onera Fredericksburg Walnut House,cloudbeds,NYE,2028-01-02,2028-01-02,1650,USD,fixed,2,,fixed,,fixed
203812___364776,Onera Fredericksburg Spyglass,cloudbeds,NYE,2028-01-02,2028-01-02,1650,USD,fixed,2,,fixed,,fixed
203812___364778,Onera Fredericksburg Live Oak Lodge,cloudbeds,NYE,2028-01-02,2028-01-02,1650,USD,fixed,2,,fixed,,fixed
203812___364779,Onera Fredericksburg Lantana Dome,cloudbeds,NYE,2028-01-02,2028-01-02,1079,USD,fixed,2,,fixed,,fixed
203812___364780,Onera Fredericksburg Sage Safari,cloudbeds,NYE,2028-01-02,2028-01-02,1079,USD,fixed,2,,fixed,,fixed
203812___364781,Onera Fredericksburg Monarch,cloudbeds,NYE,2028-01-02,2028-01-02,1650,USD,fixed,2,,fixed,,fixed
203812___364782,Onera Fredericksburg Buckeye Bungalow,cloudbeds,NYE,2028-01-02,2028-01-02,1079,USD,fixed,2,,fixed,,fixed
203812___490007,Onera Fredericksburg Cedar Haus,cloudbeds,NYE,2028-01-02,2028-01-02,792,USD,fixed,2,,fixed,,fixed
203812___490024,Onera Fredericksburg Juniper Haus,cloudbeds,NYE,2028-01-02,2028-01-02,792,USD,fixed,2,,fixed,,fixed
203812___528745,Onera Fredericksburg Pecan Haus,cloudbeds,NYE,2028-01-02,2028-01-02,792,USD,fixed,2,,fixed,,fixed
203812___634080,Onera Fredericksburg Bluebonnet,cloudbeds,NYE,2028-01-02,2028-01-02,1079,USD,fixed,2,,fixed,,fixed
203812___643757,Onera Fredericksburg Great Lodge,cloudbeds,NYE,2028-01-02,2028-01-02,6457,USD,fixed,2,,fixed,,fixed
203812___643760,Onera Fredericksburg Post Oak,cloudbeds,NYE,2028-01-02,2028-01-02,958,USD,fixed,2,,fixed,,fixed
203812___643762,Onera Fredericksburg Cypress Lodge | Sleeps 4 -- 2 units,cloudbeds,NYE,2028-01-02,2028-01-02,1117,USD,fixed,2,,fixed,,fixed
203812___643764,Onera Fredericksburg Quonset -- 2 units,cloudbeds,NYE,2028-01-02,2028-01-02,1117,USD,fixed,2,,fixed,,fixed
203812___643766,Onera Fredericksburg Winecup -- 2 units,cloudbeds,NYE,2028-01-02,2028-01-02,1117,USD,fixed,2,,fixed,,fixed
203812___643771,Onera Fredericksburg Diamond -- 3 units,cloudbeds,NYE,2028-01-02,2028-01-02,1574,USD,fixed,2,,fixed,,fixed
203812___643772,Onera Fredericksburg Spiral,cloudbeds,NYE,2028-01-02,2028-01-02,1117,USD,fixed,2,,fixed,,fixed
203812___643773,Onera Fredericksburg Monolith -- 2 units,cloudbeds,NYE,2028-01-02,2028-01-02,1819,USD,fixed,2,,fixed,,fixed
203812___643775,Onera Fredericksburg Great Lodge : King Room -- 6 units,cloudbeds,NYE,2028-01-02,2028-01-02,881,USD,fixed,2,,fixed,,fixed
203812___655699,Onera Fredericksburg Diamond (Pet-friendly),cloudbeds,NYE,2028-01-02,2028-01-02,1574,USD,fixed,2,,fixed,,fixed
203812___655703,Onera Fredericksburg Winecup (Pet-friendly),cloudbeds,NYE,2028-01-02,2028-01-02,1117,USD,fixed,2,,fixed,,fixed
203812___655821,Onera Fredericksburg Cypress Lodge | Pet-Friendly  Sleeps 4,cloudbeds,NYE,2028-01-02,2028-01-02,1117,USD,fixed,2,,fixed,,fixed
203812___655825,Onera Fredericksburg Cypress Lodge | Pet-Friendly  Sleeps 2,cloudbeds,NYE,2028-01-02,2028-01-02,958,USD,fixed,2,,fixed,,fixed
203812___655826,Onera Fredericksburg Cypress Lodge | Sleeps 2 -- 2 units,cloudbeds,NYE,2028-01-02,2028-01-02,958,USD,fixed,2,,fixed,,fixed
203812___655827,Onera Fredericksburg Cypress Lodge | Sleeps 6 -- 2 units,cloudbeds,NYE,2028-01-02,2028-01-02,1574,USD,fixed,2,,fixed,,fixed
203812___655829,Onera Fredericksburg Cypress Lodge | Pet-Friendly Sleeps 6,cloudbeds,NYE,2028-01-02,2028-01-02,1574,USD,fixed,2,,fixed,,fixed
203812___657152,Onera Fredericksburg Great Lodge : King Room (Accessible) -- 2 units,cloudbeds,NYE,2028-01-02,2028-01-02,881,USD,fixed,2,,fixed,,fixed
203812___362535,Onera Fredericksburg Cocoon,cloudbeds,,2028-01-03,2028-01-03,522,USD,fixed,2,,fixed,,fixed
203812___364773,Onera Fredericksburg Walnut House,cloudbeds,,2028-01-03,2028-01-03,744,USD,fixed,2,,fixed,,fixed
203812___364776,Onera Fredericksburg Spyglass,cloudbeds,,2028-01-03,2028-01-03,744,USD,fixed,2,,fixed,,fixed
203812___364778,Onera Fredericksburg Live Oak Lodge,cloudbeds,,2028-01-03,2028-01-03,744,USD,fixed,2,,fixed,,fixed
203812___364779,Onera Fredericksburg Lantana Dome,cloudbeds,,2028-01-03,2028-01-03,522,USD,fixed,2,,fixed,,fixed
203812___364780,Onera Fredericksburg Sage Safari,cloudbeds,,2028-01-03,2028-01-03,522,USD,fixed,2,,fixed,,fixed
203812___364781,Onera Fredericksburg Monarch,cloudbeds,,2028-01-03,2028-01-03,744,USD,fixed,2,,fixed,,fixed
203812___364782,Onera Fredericksburg Buckeye Bungalow,cloudbeds,,2028-01-03,2028-01-03,522,USD,fixed,2,,fixed,,fixed
203812___490007,Onera Fredericksburg Cedar Haus,cloudbeds,,2028-01-03,2028-01-03,313,USD,fixed,2,,fixed,,fixed
203812___490024,Onera Fredericksburg Juniper Haus,cloudbeds,,2028-01-03,2028-01-03,313,USD,fixed,2,,fixed,,fixed
203812___528745,Onera Fredericksburg Pecan Haus,cloudbeds,,2028-01-03,2028-01-03,313,USD,fixed,2,,fixed,,fixed
203812___634080,Onera Fredericksburg Bluebonnet,cloudbeds,,2028-01-03,2028-01-03,522,USD,fixed,2,,fixed,,fixed
203812___643757,Onera Fredericksburg Great Lodge,cloudbeds,,2028-01-03,2028-01-03,3046,USD,fixed,2,,fixed,,fixed
203812___643760,Onera Fredericksburg Post Oak,cloudbeds,,2028-01-03,2028-01-03,411,USD,fixed,2,,fixed,,fixed
203812___643762,Onera Fredericksburg Cypress Lodge | Sleeps 4 -- 2 units,cloudbeds,,2028-01-03,2028-01-03,576,USD,fixed,2,,fixed,,fixed
203812___643764,Onera Fredericksburg Quonset -- 2 units,cloudbeds,,2028-01-03,2028-01-03,576,USD,fixed,2,,fixed,,fixed
203812___643766,Onera Fredericksburg Winecup -- 2 units,cloudbeds,,2028-01-03,2028-01-03,576,USD,fixed,2,,fixed,,fixed
203812___643771,Onera Fredericksburg Diamond -- 3 units,cloudbeds,,2028-01-03,2028-01-03,687,USD,fixed,2,,fixed,,fixed
203812___643772,Onera Fredericksburg Spiral,cloudbeds,,2028-01-03,2028-01-03,576,USD,fixed,2,,fixed,,fixed
203812___643773,Onera Fredericksburg Monolith -- 2 units,cloudbeds,,2028-01-03,2028-01-03,858,USD,fixed,2,,fixed,,fixed
203812___643775,Onera Fredericksburg Great Lodge : King Room -- 6 units,cloudbeds,,2028-01-03,2028-01-03,381,USD,fixed,2,,fixed,,fixed
203812___655699,Onera Fredericksburg Diamond (Pet-friendly),cloudbeds,,2028-01-03,2028-01-03,687,USD,fixed,2,,fixed,,fixed
203812___655703,Onera Fredericksburg Winecup (Pet-friendly),cloudbeds,,2028-01-03,2028-01-03,576,USD,fixed,2,,fixed,,fixed
203812___655821,Onera Fredericksburg Cypress Lodge | Pet-Friendly  Sleeps 4,cloudbeds,,2028-01-03,2028-01-03,576,USD,fixed,2,,fixed,,fixed
203812___655825,Onera Fredericksburg Cypress Lodge | Pet-Friendly  Sleeps 2,cloudbeds,,2028-01-03,2028-01-03,411,USD,fixed,2,,fixed,,fixed
203812___655826,Onera Fredericksburg Cypress Lodge | Sleeps 2 -- 2 units,cloudbeds,,2028-01-03,2028-01-03,411,USD,fixed,2,,fixed,,fixed
203812___655827,Onera Fredericksburg Cypress Lodge | Sleeps 6 -- 2 units,cloudbeds,,2028-01-03,2028-01-03,687,USD,fixed,2,,fixed,,fixed
203812___655829,Onera Fredericksburg Cypress Lodge | Pet-Friendly Sleeps 6,cloudbeds,,2028-01-03,2028-01-03,687,USD,fixed,2,,fixed,,fixed
203812___657152,Onera Fredericksburg Great Lodge : King Room (Accessible) -- 2 units,cloudbeds,,2028-01-03,2028-01-03,381,USD,fixed,2,,fixed,,fixed
203812___362535,Onera Fredericksburg Cocoon,cloudbeds,,2028-01-04,2028-01-04,522,USD,fixed,2,,fixed,,fixed
203812___364773,Onera Fredericksburg Walnut House,cloudbeds,,2028-01-04,2028-01-04,744,USD,fixed,2,,fixed,,fixed
203812___364776,Onera Fredericksburg Spyglass,cloudbeds,,2028-01-04,2028-01-04,744,USD,fixed,2,,fixed,,fixed
203812___364778,Onera Fredericksburg Live Oak Lodge,cloudbeds,,2028-01-04,2028-01-04,744,USD,fixed,2,,fixed,,fixed
203812___364779,Onera Fredericksburg Lantana Dome,cloudbeds,,2028-01-04,2028-01-04,522,USD,fixed,2,,fixed,,fixed
203812___364780,Onera Fredericksburg Sage Safari,cloudbeds,,2028-01-04,2028-01-04,522,USD,fixed,2,,fixed,,fixed
203812___364781,Onera Fredericksburg Monarch,cloudbeds,,2028-01-04,2028-01-04,744,USD,fixed,2,,fixed,,fixed
203812___364782,Onera Fredericksburg Buckeye Bungalow,cloudbeds,,2028-01-04,2028-01-04,522,USD,fixed,2,,fixed,,fixed
203812___490007,Onera Fredericksburg Cedar Haus,cloudbeds,,2028-01-04,2028-01-04,313,USD,fixed,2,,fixed,,fixed
203812___490024,Onera Fredericksburg Juniper Haus,cloudbeds,,2028-01-04,2028-01-04,313,USD,fixed,2,,fixed,,fixed
203812___528745,Onera Fredericksburg Pecan Haus,cloudbeds,,2028-01-04,2028-01-04,313,USD,fixed,2,,fixed,,fixed
203812___634080,Onera Fredericksburg Bluebonnet,cloudbeds,,2028-01-04,2028-01-04,522,USD,fixed,2,,fixed,,fixed
203812___643757,Onera Fredericksburg Great Lodge,cloudbeds,,2028-01-04,2028-01-04,3046,USD,fixed,2,,fixed,,fixed
203812___643760,Onera Fredericksburg Post Oak,cloudbeds,,2028-01-04,2028-01-04,411,USD,fixed,2,,fixed,,fixed
203812___643762,Onera Fredericksburg Cypress Lodge | Sleeps 4 -- 2 units,cloudbeds,,2028-01-04,2028-01-04,576,USD,fixed,2,,fixed,,fixed
203812___643764,Onera Fredericksburg Quonset -- 2 units,cloudbeds,,2028-01-04,2028-01-04,576,USD,fixed,2,,fixed,,fixed
203812___643766,Onera Fredericksburg Winecup -- 2 units,cloudbeds,,2028-01-04,2028-01-04,576,USD,fixed,2,,fixed,,fixed
203812___643771,Onera Fredericksburg Diamond -- 3 units,cloudbeds,,2028-01-04,2028-01-04,687,USD,fixed,2,,fixed,,fixed
203812___643772,Onera Fredericksburg Spiral,cloudbeds,,2028-01-04,2028-01-04,576,USD,fixed,2,,fixed,,fixed
203812___643773,Onera Fredericksburg Monolith -- 2 units,cloudbeds,,2028-01-04,2028-01-04,858,USD,fixed,2,,fixed,,fixed
203812___643775,Onera Fredericksburg Great Lodge : King Room -- 6 units,cloudbeds,,2028-01-04,2028-01-04,381,USD,fixed,2,,fixed,,fixed
203812___655699,Onera Fredericksburg Diamond (Pet-friendly),cloudbeds,,2028-01-04,2028-01-04,687,USD,fixed,2,,fixed,,fixed
203812___655703,Onera Fredericksburg Winecup (Pet-friendly),cloudbeds,,2028-01-04,2028-01-04,576,USD,fixed,2,,fixed,,fixed
203812___655821,Onera Fredericksburg Cypress Lodge | Pet-Friendly  Sleeps 4,cloudbeds,,2028-01-04,2028-01-04,576,USD,fixed,2,,fixed,,fixed
203812___655825,Onera Fredericksburg Cypress Lodge | Pet-Friendly  Sleeps 2,cloudbeds,,2028-01-04,2028-01-04,411,USD,fixed,2,,fixed,,fixed
203812___655826,Onera Fredericksburg Cypress Lodge | Sleeps 2 -- 2 units,cloudbeds,,2028-01-04,2028-01-04,411,USD,fixed,2,,fixed,,fixed
203812___655827,Onera Fredericksburg Cypress Lodge | Sleeps 6 -- 2 units,cloudbeds,,2028-01-04,2028-01-04,687,USD,fixed,2,,fixed,,fixed
203812___655829,Onera Fredericksburg Cypress Lodge | Pet-Friendly Sleeps 6,cloudbeds,,2028-01-04,2028-01-04,687,USD,fixed,2,,fixed,,fixed
203812___657152,Onera Fredericksburg Great Lodge : King Room (Accessible) -- 2 units,cloudbeds,,2028-01-04,2028-01-04,381,USD,fixed,2,,fixed,,fixed
203812___362535,Onera Fredericksburg Cocoon,cloudbeds,,2028-01-05,2028-01-05,522,USD,fixed,2,,fixed,,fixed
203812___364773,Onera Fredericksburg Walnut House,cloudbeds,,2028-01-05,2028-01-05,744,USD,fixed,2,,fixed,,fixed
203812___364776,Onera Fredericksburg Spyglass,cloudbeds,,2028-01-05,2028-01-05,744,USD,fixed,2,,fixed,,fixed
203812___364778,Onera Fredericksburg Live Oak Lodge,cloudbeds,,2028-01-05,2028-01-05,744,USD,fixed,2,,fixed,,fixed
203812___364779,Onera Fredericksburg Lantana Dome,cloudbeds,,2028-01-05,2028-01-05,522,USD,fixed,2,,fixed,,fixed
203812___364780,Onera Fredericksburg Sage Safari,cloudbeds,,2028-01-05,2028-01-05,522,USD,fixed,2,,fixed,,fixed
203812___364781,Onera Fredericksburg Monarch,cloudbeds,,2028-01-05,2028-01-05,744,USD,fixed,2,,fixed,,fixed
203812___364782,Onera Fredericksburg Buckeye Bungalow,cloudbeds,,2028-01-05,2028-01-05,522,USD,fixed,2,,fixed,,fixed
203812___490007,Onera Fredericksburg Cedar Haus,cloudbeds,,2028-01-05,2028-01-05,313,USD,fixed,2,,fixed,,fixed
203812___490024,Onera Fredericksburg Juniper Haus,cloudbeds,,2028-01-05,2028-01-05,313,USD,fixed,2,,fixed,,fixed
203812___528745,Onera Fredericksburg Pecan Haus,cloudbeds,,2028-01-05,2028-01-05,313,USD,fixed,2,,fixed,,fixed
203812___634080,Onera Fredericksburg Bluebonnet,cloudbeds,,2028-01-05,2028-01-05,522,USD,fixed,2,,fixed,,fixed
203812___643757,Onera Fredericksburg Great Lodge,cloudbeds,,2028-01-05,2028-01-05,3046,USD,fixed,2,,fixed,,fixed
203812___643760,Onera Fredericksburg Post Oak,cloudbeds,,2028-01-05,2028-01-05,411,USD,fixed,2,,fixed,,fixed
203812___643762,Onera Fredericksburg Cypress Lodge | Sleeps 4 -- 2 units,cloudbeds,,2028-01-05,2028-01-05,576,USD,fixed,2,,fixed,,fixed
203812___643764,Onera Fredericksburg Quonset -- 2 units,cloudbeds,,2028-01-05,2028-01-05,576,USD,fixed,2,,fixed,,fixed
203812___643766,Onera Fredericksburg Winecup -- 2 units,cloudbeds,,2028-01-05,2028-01-05,576,USD,fixed,2,,fixed,,fixed
203812___643771,Onera Fredericksburg Diamond -- 3 units,cloudbeds,,2028-01-05,2028-01-05,687,USD,fixed,2,,fixed,,fixed
203812___643772,Onera Fredericksburg Spiral,cloudbeds,,2028-01-05,2028-01-05,576,USD,fixed,2,,fixed,,fixed
203812___643773,Onera Fredericksburg Monolith -- 2 units,cloudbeds,,2028-01-05,2028-01-05,858,USD,fixed,2,,fixed,,fixed
203812___643775,Onera Fredericksburg Great Lodge : King Room -- 6 units,cloudbeds,,2028-01-05,2028-01-05,381,USD,fixed,2,,fixed,,fixed
203812___655699,Onera Fredericksburg Diamond (Pet-friendly),cloudbeds,,2028-01-05,2028-01-05,687,USD,fixed,2,,fixed,,fixed
203812___655703,Onera Fredericksburg Winecup (Pet-friendly),cloudbeds,,2028-01-05,2028-01-05,576,USD,fixed,2,,fixed,,fixed
203812___655821,Onera Fredericksburg Cypress Lodge | Pet-Friendly  Sleeps 4,cloudbeds,,2028-01-05,2028-01-05,576,USD,fixed,2,,fixed,,fixed
203812___655825,Onera Fredericksburg Cypress Lodge | Pet-Friendly  Sleeps 2,cloudbeds,,2028-01-05,2028-01-05,411,USD,fixed,2,,fixed,,fixed
203812___655826,Onera Fredericksburg Cypress Lodge | Sleeps 2 -- 2 units,cloudbeds,,2028-01-05,2028-01-05,411,USD,fixed,2,,fixed,,fixed
203812___655827,Onera Fredericksburg Cypress Lodge | Sleeps 6 -- 2 units,cloudbeds,,2028-01-05,2028-01-05,687,USD,fixed,2,,fixed,,fixed
203812___655829,Onera Fredericksburg Cypress Lodge | Pet-Friendly Sleeps 6,cloudbeds,,2028-01-05,2028-01-05,687,USD,fixed,2,,fixed,,fixed
203812___657152,Onera Fredericksburg Great Lodge : King Room (Accessible) -- 2 units,cloudbeds,,2028-01-05,2028-01-05,381,USD,fixed,2,,fixed,,fixed
203812___362535,Onera Fredericksburg Cocoon,cloudbeds,,2028-01-06,2028-01-06,621,USD,fixed,2,,fixed,,fixed
203812___364773,Onera Fredericksburg Walnut House,cloudbeds,,2028-01-06,2028-01-06,821,USD,fixed,2,,fixed,,fixed
203812___364776,Onera Fredericksburg Spyglass,cloudbeds,,2028-01-06,2028-01-06,821,USD,fixed,2,,fixed,,fixed
203812___364778,Onera Fredericksburg Live Oak Lodge,cloudbeds,,2028-01-06,2028-01-06,821,USD,fixed,2,,fixed,,fixed
203812___364779,Onera Fredericksburg Lantana Dome,cloudbeds,,2028-01-06,2028-01-06,621,USD,fixed,2,,fixed,,fixed
203812___364780,Onera Fredericksburg Sage Safari,cloudbeds,,2028-01-06,2028-01-06,621,USD,fixed,2,,fixed,,fixed
203812___364781,Onera Fredericksburg Monarch,cloudbeds,,2028-01-06,2028-01-06,821,USD,fixed,2,,fixed,,fixed
203812___364782,Onera Fredericksburg Buckeye Bungalow,cloudbeds,,2028-01-06,2028-01-06,621,USD,fixed,2,,fixed,,fixed
203812___490007,Onera Fredericksburg Cedar Haus,cloudbeds,,2028-01-06,2028-01-06,434,USD,fixed,2,,fixed,,fixed
203812___490024,Onera Fredericksburg Juniper Haus,cloudbeds,,2028-01-06,2028-01-06,434,USD,fixed,2,,fixed,,fixed
203812___528745,Onera Fredericksburg Pecan Haus,cloudbeds,,2028-01-06,2028-01-06,434,USD,fixed,2,,fixed,,fixed
203812___634080,Onera Fredericksburg Bluebonnet,cloudbeds,,2028-01-06,2028-01-06,621,USD,fixed,2,,fixed,,fixed
203812___643757,Onera Fredericksburg Great Lodge,cloudbeds,,2028-01-06,2028-01-06,3472,USD,fixed,2,,fixed,,fixed
203812___643760,Onera Fredericksburg Post Oak,cloudbeds,,2028-01-06,2028-01-06,496,USD,fixed,2,,fixed,,fixed
203812___643762,Onera Fredericksburg Cypress Lodge | Sleeps 4 -- 2 units,cloudbeds,,2028-01-06,2028-01-06,679,USD,fixed,2,,fixed,,fixed
203812___643764,Onera Fredericksburg Quonset -- 2 units,cloudbeds,,2028-01-06,2028-01-06,679,USD,fixed,2,,fixed,,fixed
203812___643766,Onera Fredericksburg Winecup -- 2 units,cloudbeds,,2028-01-06,2028-01-06,679,USD,fixed,2,,fixed,,fixed
203812___643771,Onera Fredericksburg Diamond -- 3 units,cloudbeds,,2028-01-06,2028-01-06,762,USD,fixed,2,,fixed,,fixed
203812___643772,Onera Fredericksburg Spiral,cloudbeds,,2028-01-06,2028-01-06,679,USD,fixed,2,,fixed,,fixed
203812___643773,Onera Fredericksburg Monolith -- 2 units,cloudbeds,,2028-01-06,2028-01-06,941,USD,fixed,2,,fixed,,fixed
203812___643775,Onera Fredericksburg Great Lodge : King Room -- 6 units,cloudbeds,,2028-01-06,2028-01-06,463,USD,fixed,2,,fixed,,fixed
203812___655699,Onera Fredericksburg Diamond (Pet-friendly),cloudbeds,,2028-01-06,2028-01-06,762,USD,fixed,2,,fixed,,fixed
203812___655703,Onera Fredericksburg Winecup (Pet-friendly),cloudbeds,,2028-01-06,2028-01-06,679,USD,fixed,2,,fixed,,fixed
203812___655821,Onera Fredericksburg Cypress Lodge | Pet-Friendly  Sleeps 4,cloudbeds,,2028-01-06,2028-01-06,679,USD,fixed,2,,fixed,,fixed
203812___655825,Onera Fredericksburg Cypress Lodge | Pet-Friendly  Sleeps 2,cloudbeds,,2028-01-06,2028-01-06,496,USD,fixed,2,,fixed,,fixed
203812___655826,Onera Fredericksburg Cypress Lodge | Sleeps 2 -- 2 units,cloudbeds,,2028-01-06,2028-01-06,496,USD,fixed,2,,fixed,,fixed
203812___655827,Onera Fredericksburg Cypress Lodge | Sleeps 6 -- 2 units,cloudbeds,,2028-01-06,2028-01-06,762,USD,fixed,2,,fixed,,fixed
203812___655829,Onera Fredericksburg Cypress Lodge | Pet-Friendly Sleeps 6,cloudbeds,,2028-01-06,2028-01-06,762,USD,fixed,2,,fixed,,fixed
203812___657152,Onera Fredericksburg Great Lodge : King Room (Accessible) -- 2 units,cloudbeds,,2028-01-06,2028-01-06,463,USD,fixed,2,,fixed,,fixed
203812___362535,Onera Fredericksburg Cocoon,cloudbeds,,2028-01-07,2028-01-07,683,USD,fixed,2,,fixed,,fixed
203812___364773,Onera Fredericksburg Walnut House,cloudbeds,,2028-01-07,2028-01-07,903,USD,fixed,2,,fixed,,fixed
203812___364776,Onera Fredericksburg Spyglass,cloudbeds,,2028-01-07,2028-01-07,903,USD,fixed,2,,fixed,,fixed
203812___364778,Onera Fredericksburg Live Oak Lodge,cloudbeds,,2028-01-07,2028-01-07,903,USD,fixed,2,,fixed,,fixed
203812___364779,Onera Fredericksburg Lantana Dome,cloudbeds,,2028-01-07,2028-01-07,683,USD,fixed,2,,fixed,,fixed
203812___364780,Onera Fredericksburg Sage Safari,cloudbeds,,2028-01-07,2028-01-07,683,USD,fixed,2,,fixed,,fixed
203812___364781,Onera Fredericksburg Monarch,cloudbeds,,2028-01-07,2028-01-07,903,USD,fixed,2,,fixed,,fixed
203812___364782,Onera Fredericksburg Buckeye Bungalow,cloudbeds,,2028-01-07,2028-01-07,683,USD,fixed,2,,fixed,,fixed
203812___490007,Onera Fredericksburg Cedar Haus,cloudbeds,,2028-01-07,2028-01-07,477,USD,fixed,2,,fixed,,fixed
203812___490024,Onera Fredericksburg Juniper Haus,cloudbeds,,2028-01-07,2028-01-07,477,USD,fixed,2,,fixed,,fixed
203812___528745,Onera Fredericksburg Pecan Haus,cloudbeds,,2028-01-07,2028-01-07,477,USD,fixed,2,,fixed,,fixed
203812___634080,Onera Fredericksburg Bluebonnet,cloudbeds,,2028-01-07,2028-01-07,683,USD,fixed,2,,fixed,,fixed
203812___643757,Onera Fredericksburg Great Lodge,cloudbeds,,2028-01-07,2028-01-07,3819,USD,fixed,2,,fixed,,fixed
203812___643760,Onera Fredericksburg Post Oak,cloudbeds,,2028-01-07,2028-01-07,546,USD,fixed,2,,fixed,,fixed
203812___643762,Onera Fredericksburg Cypress Lodge | Sleeps 4 -- 2 units,cloudbeds,,2028-01-07,2028-01-07,747,USD,fixed,2,,fixed,,fixed
203812___643764,Onera Fredericksburg Quonset -- 2 units,cloudbeds,,2028-01-07,2028-01-07,747,USD,fixed,2,,fixed,,fixed
203812___643766,Onera Fredericksburg Winecup -- 2 units,cloudbeds,,2028-01-07,2028-01-07,747,USD,fixed,2,,fixed,,fixed
203812___643771,Onera Fredericksburg Diamond -- 3 units,cloudbeds,,2028-01-07,2028-01-07,838,USD,fixed,2,,fixed,,fixed
203812___643772,Onera Fredericksburg Spiral,cloudbeds,,2028-01-07,2028-01-07,747,USD,fixed,2,,fixed,,fixed
203812___643773,Onera Fredericksburg Monolith -- 2 units,cloudbeds,,2028-01-07,2028-01-07,1035,USD,fixed,2,,fixed,,fixed
203812___643775,Onera Fredericksburg Great Lodge : King Room -- 6 units,cloudbeds,,2028-01-07,2028-01-07,509,USD,fixed,2,,fixed,,fixed
203812___655699,Onera Fredericksburg Diamond (Pet-friendly),cloudbeds,,2028-01-07,2028-01-07,838,USD,fixed,2,,fixed,,fixed
203812___655703,Onera Fredericksburg Winecup (Pet-friendly),cloudbeds,,2028-01-07,2028-01-07,747,USD,fixed,2,,fixed,,fixed
203812___655821,Onera Fredericksburg Cypress Lodge | Pet-Friendly  Sleeps 4,cloudbeds,,2028-01-07,2028-01-07,747,USD,fixed,2,,fixed,,fixed
203812___655825,Onera Fredericksburg Cypress Lodge | Pet-Friendly  Sleeps 2,cloudbeds,,2028-01-07,2028-01-07,546,USD,fixed,2,,fixed,,fixed
203812___655826,Onera Fredericksburg Cypress Lodge | Sleeps 2 -- 2 units,cloudbeds,,2028-01-07,2028-01-07,546,USD,fixed,2,,fixed,,fixed
203812___655827,Onera Fredericksburg Cypress Lodge | Sleeps 6 -- 2 units,cloudbeds,,2028-01-07,2028-01-07,838,USD,fixed,2,,fixed,,fixed
203812___655829,Onera Fredericksburg Cypress Lodge | Pet-Friendly Sleeps 6,cloudbeds,,2028-01-07,2028-01-07,838,USD,fixed,2,,fixed,,fixed
203812___657152,Onera Fredericksburg Great Lodge : King Room (Accessible) -- 2 units,cloudbeds,,2028-01-07,2028-01-07,509,USD,fixed,2,,fixed,,fixed
203812___362535,Onera Fredericksburg Cocoon,cloudbeds,,2028-01-08,2028-01-08,683,USD,fixed,2,,fixed,,fixed
203812___364773,Onera Fredericksburg Walnut House,cloudbeds,,2028-01-08,2028-01-08,903,USD,fixed,2,,fixed,,fixed
203812___364776,Onera Fredericksburg Spyglass,cloudbeds,,2028-01-08,2028-01-08,903,USD,fixed,2,,fixed,,fixed
203812___364778,Onera Fredericksburg Live Oak Lodge,cloudbeds,,2028-01-08,2028-01-08,903,USD,fixed,2,,fixed,,fixed
203812___364779,Onera Fredericksburg Lantana Dome,cloudbeds,,2028-01-08,2028-01-08,683,USD,fixed,2,,fixed,,fixed
203812___364780,Onera Fredericksburg Sage Safari,cloudbeds,,2028-01-08,2028-01-08,683,USD,fixed,2,,fixed,,fixed
203812___364781,Onera Fredericksburg Monarch,cloudbeds,,2028-01-08,2028-01-08,903,USD,fixed,2,,fixed,,fixed
203812___364782,Onera Fredericksburg Buckeye Bungalow,cloudbeds,,2028-01-08,2028-01-08,683,USD,fixed,2,,fixed,,fixed
203812___490007,Onera Fredericksburg Cedar Haus,cloudbeds,,2028-01-08,2028-01-08,477,USD,fixed,2,,fixed,,fixed
203812___490024,Onera Fredericksburg Juniper Haus,cloudbeds,,2028-01-08,2028-01-08,477,USD,fixed,2,,fixed,,fixed
203812___528745,Onera Fredericksburg Pecan Haus,cloudbeds,,2028-01-08,2028-01-08,477,USD,fixed,2,,fixed,,fixed
203812___634080,Onera Fredericksburg Bluebonnet,cloudbeds,,2028-01-08,2028-01-08,683,USD,fixed,2,,fixed,,fixed
203812___643757,Onera Fredericksburg Great Lodge,cloudbeds,,2028-01-08,2028-01-08,3819,USD,fixed,2,,fixed,,fixed
203812___643760,Onera Fredericksburg Post Oak,cloudbeds,,2028-01-08,2028-01-08,546,USD,fixed,2,,fixed,,fixed
203812___643762,Onera Fredericksburg Cypress Lodge | Sleeps 4 -- 2 units,cloudbeds,,2028-01-08,2028-01-08,747,USD,fixed,2,,fixed,,fixed
203812___643764,Onera Fredericksburg Quonset -- 2 units,cloudbeds,,2028-01-08,2028-01-08,747,USD,fixed,2,,fixed,,fixed
203812___643766,Onera Fredericksburg Winecup -- 2 units,cloudbeds,,2028-01-08,2028-01-08,747,USD,fixed,2,,fixed,,fixed
203812___643771,Onera Fredericksburg Diamond -- 3 units,cloudbeds,,2028-01-08,2028-01-08,838,USD,fixed,2,,fixed,,fixed
203812___643772,Onera Fredericksburg Spiral,cloudbeds,,2028-01-08,2028-01-08,747,USD,fixed,2,,fixed,,fixed
203812___643773,Onera Fredericksburg Monolith -- 2 units,cloudbeds,,2028-01-08,2028-01-08,1035,USD,fixed,2,,fixed,,fixed
203812___643775,Onera Fredericksburg Great Lodge : King Room -- 6 units,cloudbeds,,2028-01-08,2028-01-08,509,USD,fixed,2,,fixed,,fixed
203812___655699,Onera Fredericksburg Diamond (Pet-friendly),cloudbeds,,2028-01-08,2028-01-08,838,USD,fixed,2,,fixed,,fixed
203812___655703,Onera Fredericksburg Winecup (Pet-friendly),cloudbeds,,2028-01-08,2028-01-08,747,USD,fixed,2,,fixed,,fixed
203812___655821,Onera Fredericksburg Cypress Lodge | Pet-Friendly  Sleeps 4,cloudbeds,,2028-01-08,2028-01-08,747,USD,fixed,2,,fixed,,fixed
203812___655825,Onera Fredericksburg Cypress Lodge | Pet-Friendly  Sleeps 2,cloudbeds,,2028-01-08,2028-01-08,546,USD,fixed,2,,fixed,,fixed
203812___655826,Onera Fredericksburg Cypress Lodge | Sleeps 2 -- 2 units,cloudbeds,,2028-01-08,2028-01-08,546,USD,fixed,2,,fixed,,fixed
203812___655827,Onera Fredericksburg Cypress Lodge | Sleeps 6 -- 2 units,cloudbeds,,2028-01-08,2028-01-08,838,USD,fixed,2,,fixed,,fixed
203812___655829,Onera Fredericksburg Cypress Lodge | Pet-Friendly Sleeps 6,cloudbeds,,2028-01-08,2028-01-08,838,USD,fixed,2,,fixed,,fixed
203812___657152,Onera Fredericksburg Great Lodge : King Room (Accessible) -- 2 units,cloudbeds,,2028-01-08,2028-01-08,509,USD,fixed,2,,fixed,,fixed
203812___362535,Onera Fredericksburg Cocoon,cloudbeds,,2028-01-09,2028-01-09,621,USD,fixed,2,,fixed,,fixed
203812___364773,Onera Fredericksburg Walnut House,cloudbeds,,2028-01-09,2028-01-09,821,USD,fixed,2,,fixed,,fixed
203812___364776,Onera Fredericksburg Spyglass,cloudbeds,,2028-01-09,2028-01-09,821,USD,fixed,2,,fixed,,fixed
203812___364778,Onera Fredericksburg Live Oak Lodge,cloudbeds,,2028-01-09,2028-01-09,821,USD,fixed,2,,fixed,,fixed
203812___364779,Onera Fredericksburg Lantana Dome,cloudbeds,,2028-01-09,2028-01-09,621,USD,fixed,2,,fixed,,fixed
203812___364780,Onera Fredericksburg Sage Safari,cloudbeds,,2028-01-09,2028-01-09,621,USD,fixed,2,,fixed,,fixed
203812___364781,Onera Fredericksburg Monarch,cloudbeds,,2028-01-09,2028-01-09,821,USD,fixed,2,,fixed,,fixed
203812___364782,Onera Fredericksburg Buckeye Bungalow,cloudbeds,,2028-01-09,2028-01-09,621,USD,fixed,2,,fixed,,fixed
203812___490007,Onera Fredericksburg Cedar Haus,cloudbeds,,2028-01-09,2028-01-09,434,USD,fixed,2,,fixed,,fixed
203812___490024,Onera Fredericksburg Juniper Haus,cloudbeds,,2028-01-09,2028-01-09,434,USD,fixed,2,,fixed,,fixed
203812___528745,Onera Fredericksburg Pecan Haus,cloudbeds,,2028-01-09,2028-01-09,434,USD,fixed,2,,fixed,,fixed
203812___634080,Onera Fredericksburg Bluebonnet,cloudbeds,,2028-01-09,2028-01-09,621,USD,fixed,2,,fixed,,fixed
203812___643757,Onera Fredericksburg Great Lodge,cloudbeds,,2028-01-09,2028-01-09,3472,USD,fixed,2,,fixed,,fixed
203812___643760,Onera Fredericksburg Post Oak,cloudbeds,,2028-01-09,2028-01-09,496,USD,fixed,2,,fixed,,fixed
203812___643762,Onera Fredericksburg Cypress Lodge | Sleeps 4 -- 2 units,cloudbeds,,2028-01-09,2028-01-09,679,USD,fixed,2,,fixed,,fixed
203812___643764,Onera Fredericksburg Quonset -- 2 units,cloudbeds,,2028-01-09,2028-01-09,679,USD,fixed,2,,fixed,,fixed
203812___643766,Onera Fredericksburg Winecup -- 2 units,cloudbeds,,2028-01-09,2028-01-09,679,USD,fixed,2,,fixed,,fixed
203812___643771,Onera Fredericksburg Diamond -- 3 units,cloudbeds,,2028-01-09,2028-01-09,762,USD,fixed,2,,fixed,,fixed
203812___643772,Onera Fredericksburg Spiral,cloudbeds,,2028-01-09,2028-01-09,679,USD,fixed,2,,fixed,,fixed
203812___643773,Onera Fredericksburg Monolith -- 2 units,cloudbeds,,2028-01-09,2028-01-09,941,USD,fixed,2,,fixed,,fixed
203812___643775,Onera Fredericksburg Great Lodge : King Room -- 6 units,cloudbeds,,2028-01-09,2028-01-09,463,USD,fixed,2,,fixed,,fixed
203812___655699,Onera Fredericksburg Diamond (Pet-friendly),cloudbeds,,2028-01-09,2028-01-09,762,USD,fixed,2,,fixed,,fixed
203812___655703,Onera Fredericksburg Winecup (Pet-friendly),cloudbeds,,2028-01-09,2028-01-09,679,USD,fixed,2,,fixed,,fixed
203812___655821,Onera Fredericksburg Cypress Lodge | Pet-Friendly  Sleeps 4,cloudbeds,,2028-01-09,2028-01-09,679,USD,fixed,2,,fixed,,fixed
203812___655825,Onera Fredericksburg Cypress Lodge | Pet-Friendly  Sleeps 2,cloudbeds,,2028-01-09,2028-01-09,496,USD,fixed,2,,fixed,,fixed
203812___655826,Onera Fredericksburg Cypress Lodge | Sleeps 2 -- 2 units,cloudbeds,,2028-01-09,2028-01-09,496,USD,fixed,2,,fixed,,fixed
203812___655827,Onera Fredericksburg Cypress Lodge | Sleeps 6 -- 2 units,cloudbeds,,2028-01-09,2028-01-09,762,USD,fixed,2,,fixed,,fixed
203812___655829,Onera Fredericksburg Cypress Lodge | Pet-Friendly Sleeps 6,cloudbeds,,2028-01-09,2028-01-09,762,USD,fixed,2,,fixed,,fixed
203812___657152,Onera Fredericksburg Great Lodge : King Room (Accessible) -- 2 units,cloudbeds,,2028-01-09,2028-01-09,463,USD,fixed,2,,fixed,,fixed
