Date,Day,Flohom 1,Flohom 2,Flohom 3,Flohom 4,Flohom 5,Flohom 6,Flohom 7,Flohom 8,Flohom 9,Flohom 10,Flohom 11,Flohom 12,Flohom 13,Flohom 14,Flohom 15,Flohom 16,Comments,LOS,
1/4/2027,Mon,369,312,240,369,280,391,324,280,280,324,240,324,391,240,372,391,,2,
1/5/2027,Tue,369,312,240,369,280,391,324,280,280,324,240,324,391,240,372,391,,2,
1/6/2027,Wed,369,312,240,369,280,391,324,280,280,324,240,324,391,240,372,391,,2,
1/7/2027,Thu,419,379,309,419,349,494,394,349,349,394,309,394,494,309,444,494,,2,
1/8/2027,Fri,499,444,374,499,404,595,474,404,404,474,374,474,595,374,534,595,,2,
1/9/2027,Sat,499,444,374,499,404,595,474,404,404,474,374,474,595,374,444,595,,2,
1/10/2027,Sun,419,379,309,419,349,494,394,349,349,394,309,394,494,309,625,494,,2,
1/11/2027,Mon,369,312,240,369,280,391,324,280,280,324,240,324,391,240,372,391,,2,
1/12/2027,Tue,369,312,240,369,280,391,324,280,280,324,240,324,391,240,372,391,,2,
1/13/2027,Wed,369,312,240,369,280,391,324,280,280,324,240,324,391,240,372,391,,2,
1/14/2027,Thu,419,379,309,419,349,494,394,349,349,394,309,394,494,309,444,494,,2,
1/15/2027,Fri,649,577,486,649,525,774,616,525,525,616,486,616,774,486,694,774,MLK,2,1.3 multiplier
1/16/2027,Sat,649,577,486,649,525,774,616,525,525,616,486,616,774,486,577,774,MLK,2,
1/17/2027,Sun,545,493,402,545,454,642,512,454,454,512,402,512,642,402,813,642,MLK,2,
1/18/2027,Mon,480,406,312,480,364,508,421,364,364,421,312,421,508,312,484,508,MLK,2,
1/19/2027,Tue,369,312,240,369,280,391,324,280,280,324,240,324,391,240,372,391,,2,
1/20/2027,Wed,369,312,240,369,280,391,324,280,280,324,240,324,391,240,372,391,,2,
1/21/2027,Thu,419,379,309,419,349,494,394,349,349,394,309,394,494,309,444,494,,2,
1/22/2027,Fri,499,444,374,499,404,595,474,404,404,474,374,474,595,374,534,595,,2,
1/23/2027,Sat,499,444,374,499,404,595,474,404,404,474,374,474,595,374,444,595,,2,
1/24/2027,Sun,419,379,309,419,349,494,394,349,349,394,309,394,494,309,625,494,,2,
1/25/2027,Mon,369,312,240,369,280,391,324,280,280,324,240,324,391,240,372,391,,2,
1/26/2027,Tue,369,312,240,369,280,391,324,280,280,324,240,324,391,240,372,391,,2,
1/27/2027,Wed,369,312,240,369,280,391,324,280,280,324,240,324,391,240,372,391,,2,
1/28/2027,Thu,419,379,309,419,349,494,394,349,349,394,309,394,494,309,444,494,,2,
1/29/2027,Fri,499,444,374,499,404,595,474,404,404,474,374,474,595,374,534,595,,2,
1/30/2027,Sat,499,444,374,499,404,595,474,404,404,474,374,474,595,374,444,595,,2,
1/31/2027,Sun,419,379,309,419,349,494,394,349,349,394,309,394,494,309,625,494,,2,
2/1/2027,Mon,369,312,240,369,280,391,324,280,280,324,240,324,391,240,372,391,,2,
2/2/2027,Tue,369,312,240,369,280,391,324,280,280,324,240,324,391,240,372,391,,2,
2/3/2027,Wed,369,312,240,369,280,391,324,280,280,324,240,324,391,240,372,391,,2,
2/4/2027,Thu,419,379,309,419,349,494,394,349,349,394,309,394,494,309,444,494,,2,
2/5/2027,Fri,499,444,374,499,404,595,474,404,404,474,374,474,595,374,534,595,,2,
2/6/2027,Sat,499,444,374,499,404,595,474,404,404,474,374,474,595,374,444,595,,2,
2/7/2027,Sun,419,379,309,419,349,494,394,349,349,394,309,394,494,309,625,494,,2,
2/8/2027,Mon,369,312,240,369,280,391,324,280,280,324,240,324,391,240,372,391,,2,
2/9/2027,Tue,369,312,240,369,280,391,324,280,280,324,240,324,391,240,372,391,,2,
2/10/2027,Wed,369,312,240,369,280,391,324,280,280,324,240,324,391,240,372,391,,2,
2/11/2027,Thu,419,379,309,419,349,494,394,349,349,394,309,394,494,309,444,494,,2,
2/12/2027,Fri,699,622,524,699,566,833,664,566,566,664,524,664,833,524,748,833,Valentines,2,1.4 multiplier
2/13/2027,Sat,699,622,524,699,566,833,664,566,566,664,524,664,833,524,622,833,Valentines,2,
2/14/2027,Sun,587,531,433,587,489,692,552,489,489,552,433,552,692,433,875,692,Valentines,2,
2/15/2027,Mon,517,437,336,517,392,547,454,392,392,454,336,454,547,336,521,547,Presidents Day,2,
2/16/2027,Tue,369,312,240,369,280,391,324,280,280,324,240,324,391,240,372,391,,2,
2/17/2027,Wed,369,312,240,369,280,391,324,280,280,324,240,324,391,240,372,391,,2,
2/18/2027,Thu,419,379,309,419,349,494,394,349,349,394,309,394,494,309,444,494,,2,
2/19/2027,Fri,499,444,374,499,404,595,474,404,404,474,374,474,595,374,534,595,,2,
2/20/2027,Sat,499,444,374,499,404,595,474,404,404,474,374,474,595,374,444,595,,2,
2/21/2027,Sun,419,379,309,419,349,494,394,349,349,394,309,394,494,309,625,494,,2,
2/22/2027,Mon,369,312,240,369,280,391,324,280,280,324,240,324,391,240,372,391,,2,
2/23/2027,Tue,369,312,240,369,280,391,324,280,280,324,240,324,391,240,372,391,,2,
2/24/2027,Wed,369,312,240,369,280,391,324,280,280,324,240,324,391,240,372,391,,2,
2/25/2027,Thu,440,366,298,456,328,497,384,328,328,384,298,384,497,298,477,497,,2,
2/26/2027,Fri,499,444,374,499,404,595,474,404,404,474,374,474,595,374,534,595,,2,
2/27/2027,Sat,499,444,374,499,404,595,474,404,404,474,374,474,595,374,444,595,,2,
2/28/2027,Sun,440,366,298,456,328,497,384,328,328,384,298,384,497,298,477,497,,2,
3/1/2027,Mon,419,349,284,435,312,473,366,312,312,366,284,366,473,284,454,473,,2,
3/2/2027,Tue,419,349,284,435,312,473,366,312,312,366,284,366,473,284,454,473,,2,
3/3/2027,Wed,419,349,284,435,312,473,366,312,312,366,284,366,473,284,454,473,,2,
3/4/2027,Thu,489,394,349,579,367,674,439,367,367,439,349,439,674,349,609,674,,2,
3/5/2027,Fri,559,474,404,629,424,794,514,424,424,514,404,514,794,404,748,794,,2,
3/6/2027,Sat,559,474,404,629,424,794,514,424,424,514,404,514,794,404,748,794,,2,
3/7/2027,Sun,489,394,349,579,367,674,439,367,367,439,349,439,674,349,609,674,,2,
3/8/2027,Mon,419,349,284,435,312,473,366,312,312,366,284,366,473,284,454,473,,2,
3/9/2027,Tue,419,349,284,435,312,473,366,312,312,366,284,366,473,284,454,473,,2,
3/10/2027,Wed,419,349,284,435,312,473,366,312,312,366,284,366,473,284,454,473,,2,
3/11/2027,Thu,489,394,349,579,367,674,439,367,367,439,349,439,674,349,609,674,,2,
3/12/2027,Fri,559,474,404,629,424,794,514,424,424,514,404,514,794,404,748,794,,2,
3/13/2027,Sat,559,474,404,629,424,794,514,424,424,514,404,514,794,404,748,794,,2,
3/14/2027,Sun,489,394,349,579,367,674,439,367,367,439,349,439,674,349,609,674,,2,
3/15/2027,Mon,419,349,284,435,312,473,366,312,312,366,284,366,473,284,454,473,,2,
3/16/2027,Tue,419,349,284,435,312,473,366,312,312,366,284,366,473,284,454,473,,2,
3/17/2027,Wed,419,349,284,435,312,473,366,312,312,366,284,366,473,284,454,473,,2,
3/18/2027,Thu,489,394,349,579,367,674,439,367,367,439,349,439,674,349,609,674,,2,
3/19/2027,Fri,559,474,404,629,424,794,514,424,424,514,404,514,794,404,748,794,,2,
3/20/2027,Sat,559,474,404,629,424,794,514,424,424,514,404,514,794,404,748,794,,2,
3/21/2027,Sun,489,394,349,579,367,674,439,367,367,439,349,439,674,349,609,674,,2,
3/22/2027,Mon,419,349,284,435,312,473,366,312,312,366,284,366,473,284,454,473,,2,
3/23/2027,Tue,419,349,284,435,312,473,366,312,312,366,284,366,473,284,454,473,,2,
3/24/2027,Wed,419,349,284,435,312,473,366,312,312,366,284,366,473,284,454,473,,2,
3/25/2027,Thu,489,394,349,579,367,674,439,367,367,439,349,439,674,349,609,674,,2,
3/26/2027,Fri,783,664,566,881,594,1112,720,594,594,720,566,720,1112,566,1047,794,Spring Break,2,
3/27/2027,Sat,783,664,566,881,594,1112,720,594,594,720,566,720,1112,566,1047,794,Spring Break,2,
3/28/2027,Sun,685,552,489,811,514,944,615,514,514,615,489,615,944,489,853,674,Spring Break,2,
3/29/2027,Mon,587,489,398,608,437,662,512,437,437,512,398,512,662,398,636,473,Spring Break,2,
3/30/2027,Tue,587,489,398,608,437,662,512,437,437,512,398,512,662,398,636,473,Spring Break,2,
3/31/2027,Wed,587,489,398,608,437,662,512,437,437,512,398,512,662,398,636,473,Spring Break,2,
4/1/2027,Thu,783,615,514,909,552,1088,692,552,552,692,514,692,1088,514,969,777,Spring Break,2,
4/2/2027,Fri,951,720,594,1088,666,1283,860,666,666,860,594,860,1283,594,1141,916,Spring Break,2,
4/3/2027,Sat,951,720,594,1088,666,1283,860,666,666,860,594,860,1283,594,1141,916,Spring Break,2,
4/4/2027,Sun,783,615,514,909,552,1088,692,552,552,692,514,692,1088,514,969,777,Spring Break,2,
4/5/2027,Mon,643,512,437,662,466,747,596,466,466,596,437,596,747,437,699,534,Spring Break,2,
4/6/2027,Tue,643,512,437,662,466,747,596,466,466,596,437,596,747,437,699,534,Spring Break,2,
4/7/2027,Wed,643,512,437,662,466,747,596,466,466,596,437,596,747,437,699,534,Spring Break,2,
4/8/2027,Thu,783,615,514,909,552,1088,692,552,552,692,514,692,1088,514,969,777,Spring Break,2,
4/9/2027,Fri,951,720,594,1088,666,1283,860,666,666,860,594,860,1283,594,1141,916,Spring Break,2,
4/10/2027,Sat,951,720,594,1088,666,1283,860,666,666,860,594,860,1283,594,1141,916,Spring Break,2,
4/11/2027,Sun,783,615,514,909,552,1088,692,552,552,692,514,692,1088,514,969,777,Spring Break,2,
4/12/2027,Mon,459,366,312,473,333,534,426,333,333,426,312,426,534,312,499,534,,2,
4/13/2027,Tue,459,366,312,473,333,534,426,333,333,426,312,426,534,312,499,534,,2,
4/14/2027,Wed,459,366,312,473,333,534,426,333,333,426,312,426,534,312,499,534,,2,
4/15/2027,Thu,559,439,367,649,394,777,494,394,394,494,367,494,777,367,692,777,,2,
4/16/2027,Fri,679,514,424,777,476,916,614,476,476,614,424,614,916,424,815,916,,2,
4/17/2027,Sat,679,514,424,777,476,916,614,476,476,614,424,614,916,424,815,916,,2,
4/18/2027,Sun,559,439,367,649,394,777,494,394,394,494,367,494,777,367,692,777,,2,
4/19/2027,Mon,459,366,312,473,333,534,426,333,333,426,312,426,534,312,499,534,,2,
4/20/2027,Tue,459,366,312,473,333,534,426,333,333,426,312,426,534,312,499,534,,2,
4/21/2027,Wed,459,366,312,473,333,534,426,333,333,426,312,426,534,312,499,534,,2,
4/22/2027,Thu,559,439,367,649,394,777,494,394,394,494,367,494,777,367,692,1088,Spring Break (FLO16),2,
4/23/2027,Fri,679,514,424,777,476,916,614,476,476,614,424,614,916,424,815,1283,Spring Break (FLO16),2,
4/24/2027,Sat,679,514,424,777,476,916,614,476,476,614,424,614,916,424,815,1283,Spring Break (FLO16),2,
4/25/2027,Sun,559,439,367,649,394,777,494,394,394,494,367,494,777,367,692,1088,Spring Break (FLO16),2,
4/26/2027,Mon,459,366,312,473,333,534,426,333,333,426,312,426,534,312,499,747,Spring Break (FLO16),2,
4/27/2027,Tue,459,366,312,473,333,534,426,333,333,426,312,426,534,312,499,747,Spring Break (FLO16),2,
4/28/2027,Wed,459,366,312,473,333,534,426,333,333,426,312,426,534,312,499,747,Spring Break (FLO16),2,
4/29/2027,Thu,559,439,367,649,394,777,494,394,394,494,367,494,777,367,692,1088,Spring Break (FLO16),2,
4/30/2027,Fri,679,514,424,777,476,916,614,476,476,614,424,614,916,424,815,1283,Spring Break (FLO16),2,
5/1/2027,Sat,679,514,424,777,476,916,614,476,476,614,424,614,916,424,815,1283,Spring Break (FLO16),2,
5/2/2027,Sun,559,439,367,649,394,777,494,394,394,494,367,494,777,367,692,1088,Spring Break (FLO16),2,
5/3/2027,Mon,459,366,312,473,333,534,426,333,333,426,312,426,534,312,499,747,,2,
5/4/2027,Tue,459,366,312,473,333,534,426,333,333,426,312,426,534,312,499,747,,2,
5/5/2027,Wed,459,366,312,473,333,534,426,333,333,426,312,426,534,312,499,747,,2,
5/6/2027,Thu,935,695,509,900,641,1021,809,641,641,809,509,809,1021,509,983,1021,,2,
5/7/2027,Fri,1102,833,659,1061,752,1259,995,752,752,995,659,995,1259,659,1431,1259,Myrtle Beach Bike Week — Spring Rally,2,
5/8/2027,Sat,1102,833,659,1061,752,1259,995,752,752,995,659,995,1259,659,1431,1259,Myrtle Beach Bike Week — Spring Rally,2,
5/9/2027,Sun,935,695,509,900,641,1021,809,641,641,809,509,809,1021,509,1180,1021,Myrtle Beach Bike Week — Spring Rally,2,
5/10/2027,Mon,579,426,333,576,393,684,483,393,393,483,333,483,684,333,789,684,Myrtle Beach Bike Week — Spring Rally,2,
5/11/2027,Tue,579,426,333,576,393,684,483,393,393,483,333,483,684,333,789,684,Myrtle Beach Bike Week — Spring Rally,2,
5/12/2027,Wed,579,426,333,576,393,684,483,393,393,483,333,483,684,333,789,684,Myrtle Beach Bike Week — Spring Rally,2,
5/13/2027,Thu,935,695,509,900,641,1021,809,641,641,809,509,809,1021,509,1180,1021,Myrtle Beach Bike Week — Spring Rally,2,
5/14/2027,Fri,1102,833,659,1061,752,1259,995,752,752,995,659,995,1259,659,1431,1259,Myrtle Beach Bike Week — Spring Rally,2,
5/15/2027,Sat,1102,833,659,1061,752,1259,995,752,752,995,659,995,1259,659,1431,1259,Myrtle Beach Bike Week — Spring Rally,2,
5/16/2027,Sun,935,695,509,900,641,1021,809,641,641,809,509,809,1021,509,1180,1021,Myrtle Beach Bike Week — Spring Rally,2,
5/17/2027,Mon,579,426,333,576,393,684,483,393,393,483,333,483,684,333,658,684,,2,
5/18/2027,Tue,579,426,333,576,393,684,483,393,393,483,333,483,684,333,658,684,,2,
5/19/2027,Wed,579,426,333,576,393,684,483,393,393,483,333,483,684,333,658,684,,2,
5/20/2027,Thu,935,695,509,900,641,1021,809,641,641,809,509,809,1021,509,983,1021,,2,
5/21/2027,Fri,1102,833,659,1061,752,1259,995,752,752,995,659,995,1259,659,1193,1259,,2,
5/22/2027,Sat,1102,833,659,1061,752,1259,995,752,752,995,659,995,1259,659,1193,1259,,2,
5/23/2027,Sun,935,695,509,900,641,1021,809,641,641,809,509,809,1021,509,983,1021,,2,
5/24/2027,Mon,579,426,333,576,393,684,483,393,393,483,333,483,684,333,658,684,,2,
5/25/2027,Tue,579,426,333,576,393,684,483,393,393,483,333,483,684,333,658,684,,2,
5/26/2027,Wed,579,426,333,576,393,684,483,393,393,483,333,483,684,333,658,684,,2,
5/27/2027,Thu,935,695,509,900,641,1021,809,641,641,809,509,809,1021,509,983,1021,,2,
5/28/2027,Fri,1433,1083,856,1380,978,1636,1293,978,978,1293,856,1293,1636,856,1551,1636,Memorial Day ( + Atlantic Beach Bike Fest for flo15),2,
5/29/2027,Sat,1433,1083,856,1380,978,1636,1293,978,978,1293,856,1293,1636,856,1551,1636,Memorial Day ( + Atlantic Beach Bike Fest for flo15),2,
5/30/2027,Sun,1028,764,560,990,705,1123,890,705,705,890,560,890,1123,560,1081,1123,Memorial Day ( + Atlantic Beach Bike Fest for flo15),2,
5/31/2027,Mon,695,511,400,692,472,821,580,472,472,580,400,580,821,400,789,821,Memorial Day ( + Atlantic Beach Bike Fest for flo15),2,
6/1/2027,Tue,579,426,333,576,393,684,483,393,393,483,333,483,684,333,658,684,,2,
6/2/2027,Wed,579,426,333,576,393,684,483,393,393,483,333,483,684,333,658,684,,2,
6/3/2027,Thu,935,695,509,900,641,1021,809,641,641,809,509,809,1021,509,1032,1021,CCMF,2,
6/4/2027,Fri,1102,833,659,1061,752,1259,995,752,752,995,659,995,1259,659,1252,1259,CCMF,2,
6/5/2027,Sat,1102,833,659,1061,752,1259,995,752,752,995,659,995,1259,659,1252,1259,CCMF,2,
6/6/2027,Sun,935,695,509,900,641,1021,809,641,641,809,509,809,1021,509,1032,1021,CCMF,2,
6/7/2027,Mon,579,426,333,576,393,684,483,393,393,483,333,483,684,333,658,684,,2,
6/8/2027,Tue,579,426,333,576,393,684,483,393,393,483,333,483,684,333,658,684,,2,
6/9/2027,Wed,579,426,333,576,393,684,483,393,393,483,333,483,684,333,658,684,,2,
6/10/2027,Thu,935,695,509,900,641,1021,809,641,641,809,509,809,1021,509,983,1021,,2,
6/11/2027,Fri,1102,833,659,1061,752,1259,995,752,752,995,659,995,1259,659,1193,1259,,2,
6/12/2027,Sat,1102,833,659,1061,752,1259,995,752,752,995,659,995,1259,659,1193,1259,,2,
6/13/2027,Sun,935,695,509,900,641,1021,809,641,641,809,509,809,1021,509,983,1021,,2,
6/14/2027,Mon,579,426,333,576,393,684,483,393,393,483,333,483,684,333,658,684,,2,
6/15/2027,Tue,579,426,333,576,393,684,483,393,393,483,333,483,684,333,658,684,,2,
6/16/2027,Wed,579,426,333,576,393,684,483,393,393,483,333,483,684,333,658,684,,2,
6/17/2027,Thu,935,695,509,900,641,1021,809,641,641,809,509,809,1021,509,983,1021,,2,
6/18/2027,Fri,1102,833,659,1061,752,1259,995,752,752,995,659,995,1259,659,1193,1259,,2,
6/19/2027,Sat,1102,833,659,1061,752,1259,995,752,752,995,659,995,1259,659,1193,1259,,2,
6/20/2027,Sun,935,695,509,900,641,1021,809,641,641,809,509,809,1021,509,983,1021,,2,
6/21/2027,Mon,579,426,333,576,393,684,483,393,393,483,333,483,684,333,658,684,,2,
6/22/2027,Tue,579,426,333,576,393,684,483,393,393,483,333,483,684,333,658,684,,2,
6/23/2027,Wed,579,426,333,576,393,684,483,393,393,483,333,483,684,333,658,684,,2,
6/24/2027,Thu,935,695,509,900,641,1021,809,641,641,809,509,809,1021,509,983,1123,NYC Pride,2,
6/25/2027,Fri,1102,833,659,1061,752,1259,995,752,752,995,659,995,1259,659,1193,1385,NYC Pride,2,
6/26/2027,Sat,1102,833,659,1061,752,1259,995,752,752,995,659,995,1259,659,1193,1385,NYC Pride,2,
6/27/2027,Sun,935,695,509,900,641,1021,809,641,641,809,509,809,1021,509,983,1123,NYC Pride,2,
6/28/2027,Mon,579,426,333,576,393,684,483,393,393,483,333,483,684,333,658,684,,2,
6/29/2027,Tue,579,426,333,576,393,684,483,393,393,483,333,483,684,333,658,684,,2,
6/30/2027,Wed,579,426,333,576,393,684,483,393,393,483,333,483,684,333,658,684,,2,
7/1/2027,Thu,935,695,509,900,641,1021,809,641,641,809,509,809,1021,509,983,1123,,2,
7/2/2027,Fri,1662,1340,1123,1662,1261,2026,1451,1261,1261,1451,1123,1451,2026,1123,1820,2026,4th of July,2,
7/3/2027,Sat,1662,1340,1123,1662,1261,2026,1451,1261,1261,1451,1123,1451,2026,1123,1820,2026,4th of July,2,
7/4/2027,Sun,1028,764,560,990,705,1123,890,705,705,890,560,890,1123,560,1081,1235,4th of July,2,
7/5/2027,Mon,629,551,393,629,478,714,594,478,478,594,393,594,714,393,648,714,,2,
7/6/2027,Tue,629,551,393,629,478,714,594,478,478,594,393,594,714,393,648,714,,2,
7/7/2027,Wed,629,551,393,629,478,714,594,478,478,594,393,594,714,393,648,714,,2,
7/8/2027,Thu,1019,862,689,1019,753,1109,881,753,753,881,689,881,1109,689,1055,1109,,2,
7/9/2027,Fri,1511,1219,1021,1511,1147,1842,1319,1147,1147,1319,1021,1319,1842,1021,1655,1842,,2,
7/10/2027,Sat,1511,1219,1021,1511,1147,1842,1319,1147,1147,1319,1021,1319,1842,1021,1655,1842,,2,
7/11/2027,Sun,1019,862,689,1019,753,1109,881,753,753,881,689,881,1109,689,1055,1109,,2,
7/12/2027,Mon,629,551,393,629,478,714,594,478,478,594,393,594,714,393,648,714,,2,
7/13/2027,Tue,629,551,393,629,478,714,594,478,478,594,393,594,714,393,648,714,,2,
7/14/2027,Wed,629,551,393,629,478,714,594,478,478,594,393,594,714,393,648,714,,2,
7/15/2027,Thu,1019,862,689,1019,753,1109,881,753,753,881,689,881,1109,689,1055,1109,,2,
7/16/2027,Fri,1511,1219,1021,1511,1147,1842,1319,1147,1147,1319,1021,1319,1842,1021,1655,1842,,2,
7/17/2027,Sat,1511,1219,1021,1511,1147,1842,1319,1147,1147,1319,1021,1319,1842,1021,1655,1842,,2,
7/18/2027,Sun,1019,862,689,1019,753,1109,881,753,753,881,689,881,1109,689,1055,1109,,2,
7/19/2027,Mon,629,551,393,629,478,714,594,478,478,594,393,594,714,393,648,714,,2,
7/20/2027,Tue,629,551,393,629,478,714,594,478,478,594,393,594,714,393,648,714,,2,
7/21/2027,Wed,629,551,393,629,478,714,594,478,478,594,393,594,714,393,648,714,,2,
7/22/2027,Thu,1019,862,689,1019,753,1109,881,753,753,881,689,881,1109,689,1055,1109,,2,
7/23/2027,Fri,1511,1219,1021,1511,1147,1842,1319,1147,1147,1319,1021,1319,1842,1021,1655,1842,,2,
7/24/2027,Sat,1511,1219,1021,1511,1147,1842,1319,1147,1147,1319,1021,1319,1842,1021,1655,1842,,2,
7/25/2027,Sun,1019,862,689,1019,753,1109,881,753,753,881,689,881,1109,689,1055,1109,,2,
7/26/2027,Mon,629,551,393,629,478,714,594,478,478,594,393,594,714,393,648,714,,2,
7/27/2027,Tue,629,551,393,629,478,714,594,478,478,594,393,594,714,393,648,714,,2,
7/28/2027,Wed,629,551,393,629,478,714,594,478,478,594,393,594,714,393,648,714,,2,
7/29/2027,Thu,1019,862,689,1019,753,1109,881,753,753,881,689,881,1109,689,1055,1109,,2,
7/30/2027,Fri,1511,1219,1021,1511,1147,1842,1319,1147,1147,1319,1021,1319,1842,1021,1655,1842,,2,
7/31/2027,Sat,1511,1219,1021,1511,1147,1842,1319,1147,1147,1319,1021,1319,1842,1021,1655,1842,,2,
8/1/2027,Sun,1019,862,689,1019,753,1109,881,753,753,881,689,881,1109,689,1055,1109,,2,
8/2/2027,Mon,629,551,393,629,478,714,594,478,478,594,393,594,714,393,648,714,,2,
8/3/2027,Tue,629,551,393,629,478,714,594,478,478,594,393,594,714,393,648,714,,2,
8/4/2027,Wed,629,551,393,629,478,714,594,478,478,594,393,594,714,393,648,714,,2,
8/5/2027,Thu,1019,862,689,1019,753,1109,881,753,753,881,689,881,1109,689,1055,1109,,2,
8/6/2027,Fri,1511,1219,1021,1511,1147,1842,1319,1147,1147,1319,1021,1319,1842,1021,1655,1842,,2,
8/7/2027,Sat,1511,1219,1021,1511,1147,1842,1319,1147,1147,1319,1021,1319,1842,1021,1655,1842,,2,
8/8/2027,Sun,1019,862,689,1019,753,1109,881,753,753,881,689,881,1109,689,1055,1109,,2,
8/9/2027,Mon,629,551,393,629,478,714,594,478,478,594,393,594,714,393,648,714,,2,
8/10/2027,Tue,629,551,393,629,478,714,594,478,478,594,393,594,714,393,648,714,,2,
8/11/2027,Wed,629,551,393,629,478,714,594,478,478,594,393,594,714,393,648,714,,2,
8/12/2027,Thu,1019,862,689,1019,753,1109,881,753,753,881,689,881,1109,689,1055,1109,,2,
8/13/2027,Fri,1511,1219,1021,1511,1147,1842,1319,1147,1147,1319,1021,1319,1842,1021,1655,1842,,2,
8/14/2027,Sat,1511,1219,1021,1511,1147,1842,1319,1147,1147,1319,1021,1319,1842,1021,1655,1842,,2,
8/15/2027,Sun,1019,862,689,1019,753,1109,881,753,753,881,689,881,1109,689,1055,1109,,2,
8/16/2027,Mon,629,551,393,629,478,714,594,478,478,594,393,594,714,393,648,714,,2,
8/17/2027,Tue,629,551,393,629,478,714,594,478,478,594,393,594,714,393,648,714,,2,
8/18/2027,Wed,629,551,393,629,478,714,594,478,478,594,393,594,714,393,648,714,,2,
8/19/2027,Thu,1019,862,689,1019,753,1109,881,753,753,881,689,881,1109,689,1055,1109,,2,
8/20/2027,Fri,1511,1219,1021,1511,1147,1842,1319,1147,1147,1319,1021,1319,1842,1021,1655,1842,,2,
8/21/2027,Sat,1511,1219,1021,1511,1147,1842,1319,1147,1147,1319,1021,1319,1842,1021,1655,1842,,2,
8/22/2027,Sun,1019,862,689,1019,753,1109,881,753,753,881,689,881,1109,689,1055,1109,,2,
8/23/2027,Mon,629,551,393,629,478,714,594,478,478,594,393,594,714,393,648,714,,2,
8/24/2027,Tue,629,551,393,629,478,714,594,478,478,594,393,594,714,393,648,714,,2,
8/25/2027,Wed,629,551,393,629,478,714,594,478,478,594,393,594,714,393,648,714,,2,
8/26/2027,Thu,1019,862,689,1019,753,1109,881,753,753,881,689,881,1109,689,1055,1109,,2,
8/27/2027,Fri,1511,1219,1021,1511,1147,1842,1319,1147,1147,1319,1021,1319,1842,1021,1655,1842,,2,
8/28/2027,Sat,1511,1219,1021,1511,1147,1842,1319,1147,1147,1319,1021,1319,1842,1021,1655,1842,,2,
8/29/2027,Sun,1019,862,689,1019,753,1109,881,753,753,881,689,881,1109,689,1055,1109,,2,
8/30/2027,Mon,629,551,393,629,478,714,594,478,478,594,393,594,714,393,648,714,,2,
8/31/2027,Tue,629,551,393,629,478,714,594,478,478,594,393,594,714,393,648,714,,2,
9/1/2027,Wed,629,551,393,629,478,714,594,478,478,594,393,594,714,393,648,714,,2,
9/2/2027,Thu,935,695,509,900,641,1021,809,641,641,809,509,809,1021,509,983,1021,,2,
9/3/2027,Fri,1323,999,791,1274,903,1511,1194,903,903,1194,791,1194,1511,791,1431,1511,Labor Day,2,
9/4/2027,Sat,1323,999,791,1274,903,1511,1194,903,903,1194,791,1194,1511,791,1431,1511,Labor Day,2,
9/5/2027,Sun,981,730,534,945,673,1072,849,673,673,849,534,849,1072,534,1032,1072,Labor Day,2,
9/6/2027,Mon,695,511,400,692,472,821,580,472,472,580,400,580,821,400,789,821,Labor Day,2,
9/7/2027,Tue,579,426,333,576,393,684,483,393,393,483,333,483,684,333,658,684,,2,
9/8/2027,Wed,579,426,333,576,393,684,483,393,393,483,333,483,684,333,658,684,,2,
9/9/2027,Thu,935,695,509,900,641,1021,809,641,641,809,509,809,1021,509,983,1021,,2,
9/10/2027,Fri,1102,833,659,1061,752,1259,995,752,752,995,659,995,1259,659,1193,1259,,2,
9/11/2027,Sat,1102,833,659,1061,752,1259,995,752,752,995,659,995,1259,659,1193,1259,,2,
9/12/2027,Sun,935,695,509,900,641,1021,809,641,641,809,509,809,1021,509,983,1021,,2,
9/13/2027,Mon,579,426,333,576,393,684,483,393,393,483,333,483,684,333,658,684,,2,
9/14/2027,Tue,579,426,333,576,393,684,483,393,393,483,333,483,684,333,658,684,,2,
9/15/2027,Wed,579,426,333,576,393,684,483,393,393,483,333,483,684,333,658,684,,2,
9/16/2027,Thu,935,695,509,900,641,1021,809,641,641,809,509,809,1021,509,983,1021,,2,
9/17/2027,Fri,1102,833,659,1061,752,1259,995,752,752,995,659,995,1259,659,1193,1259,,2,
9/18/2027,Sat,1102,833,659,1061,752,1259,995,752,752,995,659,995,1259,659,1193,1259,,2,
9/19/2027,Sun,935,695,509,900,641,1021,809,641,641,809,509,809,1021,509,983,1021,,2,
9/20/2027,Mon,579,426,333,576,393,684,483,393,393,483,333,483,684,333,658,684,,2,
9/21/2027,Tue,579,426,333,576,393,684,483,393,393,483,333,483,684,333,658,684,,2,
9/22/2027,Wed,579,426,333,576,393,684,483,393,393,483,333,483,684,333,658,684,,2,
9/23/2027,Thu,935,695,509,900,641,1021,809,641,641,809,509,809,1021,509,983,1021,,2,
9/24/2027,Fri,1102,833,659,1061,752,1259,995,752,752,995,659,995,1259,659,1312,1259,Myrtle Beach Bike Week — Fall Rally,2,
9/25/2027,Sat,1102,833,659,1061,752,1259,995,752,752,995,659,995,1259,659,1312,1259,Myrtle Beach Bike Week — Fall Rally,2,
9/26/2027,Sun,935,695,509,900,641,1021,809,641,641,809,509,809,1021,509,1081,1021,Myrtle Beach Bike Week — Fall Rally,2,
9/27/2027,Mon,579,426,333,576,393,684,483,393,393,483,333,483,684,333,723,684,Myrtle Beach Bike Week — Fall Rally,2,
9/28/2027,Tue,579,426,333,576,393,684,483,393,393,483,333,483,684,333,723,684,Myrtle Beach Bike Week — Fall Rally,2,
9/29/2027,Wed,579,426,333,576,393,684,483,393,393,483,333,483,684,333,723,684,Myrtle Beach Bike Week — Fall Rally,2,
9/30/2027,Thu,935,695,509,900,641,1021,809,641,641,809,509,809,1021,509,1081,1021,Myrtle Beach Bike Week — Fall Rally,2,
10/1/2027,Fri,1102,833,659,1061,752,1259,995,752,752,995,659,995,1259,659,1312,1259,Myrtle Beach Bike Week — Fall Rally,2,
10/2/2027,Sat,1102,833,659,1061,752,1259,995,752,752,995,659,995,1259,659,1312,1259,Myrtle Beach Bike Week — Fall Rally,2,
10/3/2027,Sun,935,695,509,900,641,1021,809,641,641,809,509,809,1021,509,1081,1021,Myrtle Beach Bike Week — Fall Rally,2,
10/4/2027,Mon,579,426,333,576,393,684,483,393,393,483,333,483,684,333,658,684,,2,
10/5/2027,Tue,579,426,333,576,393,684,483,393,393,483,333,483,684,333,658,684,,2,
10/6/2027,Wed,579,426,333,576,393,684,483,393,393,483,333,483,684,333,658,684,,2,
10/7/2027,Thu,935,695,509,900,641,1021,809,641,641,809,509,809,1021,509,983,1021,,2,
10/8/2027,Fri,1102,833,659,1061,752,1259,995,752,752,995,659,995,1259,659,1193,1259,,2,
10/9/2027,Sat,1102,833,659,1061,752,1259,995,752,752,995,659,995,1259,659,1193,1259,,2,
10/10/2027,Sun,935,695,509,900,641,1021,809,641,641,809,509,809,1021,509,983,1021,,2,
10/11/2027,Mon,579,426,333,576,393,684,483,393,393,483,333,483,684,333,658,684,,2,
10/12/2027,Tue,579,426,333,576,393,684,483,393,393,483,333,483,684,333,658,684,,2,
10/13/2027,Wed,579,426,333,576,393,684,483,393,393,483,333,483,684,333,658,684,,2,
10/14/2027,Thu,935,695,509,900,641,1021,809,641,641,809,509,809,1021,509,983,1021,,2,
10/15/2027,Fri,1102,833,659,1061,752,1259,995,752,752,995,659,995,1259,659,1193,1259,,2,
10/16/2027,Sat,1102,833,659,1061,752,1259,995,752,752,995,659,995,1259,659,1193,1259,,2,
10/17/2027,Sun,935,695,509,900,641,1021,809,641,641,809,509,809,1021,509,983,1021,,2,
10/18/2027,Mon,579,426,333,576,393,684,483,393,393,483,333,483,684,333,658,684,,2,
10/19/2027,Tue,579,426,333,576,393,684,483,393,393,483,333,483,684,333,658,684,,2,
10/20/2027,Wed,579,426,333,576,393,684,483,393,393,483,333,483,684,333,658,684,,2,
10/21/2027,Thu,935,695,509,900,641,1021,809,641,641,809,509,809,1021,509,983,1021,,2,
10/22/2027,Fri,1102,833,659,1061,752,1259,995,752,752,995,659,995,1259,659,1193,1259,,2,
10/23/2027,Sat,1102,833,659,1061,752,1259,995,752,752,995,659,995,1259,659,1193,1259,,2,
10/24/2027,Sun,935,695,509,900,641,1021,809,641,641,809,509,809,1021,509,983,1021,,2,
10/25/2027,Mon,579,426,333,576,393,684,483,393,393,483,333,483,684,333,658,684,,2,
10/26/2027,Tue,579,426,333,576,393,684,483,393,393,483,333,483,684,333,658,684,,2,
10/27/2027,Wed,579,426,333,576,393,684,483,393,393,483,333,483,684,333,658,684,,2,
10/28/2027,Thu,935,695,509,900,641,1021,809,641,641,809,509,809,1021,509,983,1021,,2,
10/29/2027,Fri,1102,833,659,1061,752,1259,995,752,752,995,659,995,1259,659,1193,1259,,2,
10/30/2027,Sat,1102,833,659,1061,752,1259,995,752,752,995,659,995,1259,659,1193,1259,,2,
10/31/2027,Sun,935,695,509,900,641,1021,809,641,641,809,509,809,1021,509,983,1021,,2,
11/1/2027,Mon,369,312,240,369,280,391,324,280,280,324,240,324,391,240,372,391,,2,
11/2/2027,Tue,369,312,240,369,280,391,324,280,280,324,240,324,391,240,372,391,,2,
11/3/2027,Wed,369,312,240,369,280,391,324,280,280,324,240,324,391,240,372,391,,2,
11/4/2027,Thu,419,379,309,419,349,494,394,349,349,394,309,394,494,309,444,494,,2,
11/5/2027,Fri,499,444,374,499,404,595,474,404,404,474,374,474,595,374,534,1309,NYC marathon,2,
11/6/2027,Sat,499,444,374,499,404,595,474,404,404,474,374,474,595,374,444,1309,NYC marathon,2,
11/7/2027,Sun,419,379,309,419,349,494,394,349,349,394,309,394,494,309,625,1087,NYC marathon,2,
11/8/2027,Mon,369,312,240,369,280,391,324,280,280,324,240,324,391,240,372,391,,2,
11/9/2027,Tue,369,312,240,369,280,391,324,280,280,324,240,324,391,240,372,391,,2,
11/10/2027,Wed,369,312,240,369,280,391,324,280,280,324,240,324,391,240,372,391,,2,
11/11/2027,Thu,419,379,309,419,349,494,394,349,349,394,309,394,494,309,444,494,,2,
11/12/2027,Fri,499,444,374,499,404,595,474,404,404,474,374,474,595,374,534,595,,2,
11/13/2027,Sat,499,444,374,499,404,595,474,404,404,474,374,474,595,374,444,595,,2,
11/14/2027,Sun,419,379,309,419,349,494,394,349,349,394,309,394,494,309,625,494,,2,
11/15/2027,Mon,369,312,240,369,280,391,324,280,280,324,240,324,391,240,372,391,,2,
11/16/2027,Tue,369,312,240,369,280,391,324,280,280,324,240,324,391,240,372,391,,2,
11/17/2027,Wed,369,312,240,369,280,391,324,280,280,324,240,324,391,240,372,391,,2,
11/18/2027,Thu,419,379,309,419,349,494,394,349,349,394,309,394,494,309,444,494,,2,
11/19/2027,Fri,499,444,374,499,404,595,474,404,404,474,374,474,595,374,534,595,,2,
11/20/2027,Sat,499,444,374,499,404,595,474,404,404,474,374,474,595,374,444,595,,2,
11/21/2027,Sun,419,379,309,419,349,494,394,349,349,394,309,394,494,309,625,494,,2,
11/22/2027,Mon,369,312,240,369,280,391,324,280,280,324,240,324,391,240,372,391,,2,
11/23/2027,Tue,369,312,240,369,280,391,324,280,280,324,240,324,391,240,372,391,,2,
11/24/2027,Wed,369,312,240,369,280,391,324,280,280,324,240,324,391,240,372,391,,2,
11/25/2027,Thu,712,644,525,712,593,840,670,593,593,670,525,670,840,525,755,840,Thanksgiving,2,
11/26/2027,Fri,848,755,636,848,687,1012,806,687,687,806,636,806,1012,636,908,1012,Thanksgiving,2,
11/27/2027,Sat,848,755,636,848,687,1012,806,687,687,806,636,806,1012,636,755,1012,Thanksgiving,2,
11/28/2027,Sun,587,531,433,587,489,692,552,489,489,552,433,552,692,433,875,692,Thanksgiving,2,
11/29/2027,Mon,329,288,219,329,244,339,304,244,244,304,219,304,339,219,309,339,,2,
11/30/2027,Tue,329,288,219,329,244,339,304,244,244,304,219,304,339,219,309,339,,2,
12/1/2027,Wed,329,288,219,329,244,339,304,244,244,304,219,304,339,219,309,339,,2,
12/2/2027,Thu,379,314,259,379,279,414,333,279,279,333,259,333,414,259,394,414,,2,
12/3/2027,Fri,449,333,287,449,303,574,394,303,303,394,287,394,574,287,479,574,,2,
12/4/2027,Sat,449,333,287,449,303,574,394,303,303,394,287,394,574,287,479,574,,2,
12/5/2027,Sun,379,314,259,379,279,414,333,279,279,333,259,333,414,259,394,414,,2,
12/6/2027,Mon,329,288,219,329,244,339,304,244,244,304,219,304,339,219,309,339,,2,
12/7/2027,Tue,329,288,219,329,244,339,304,244,244,304,219,304,339,219,309,339,,2,
12/8/2027,Wed,329,288,219,329,244,339,304,244,244,304,219,304,339,219,309,339,,2,
12/9/2027,Thu,379,314,259,379,279,414,333,279,279,333,259,333,414,259,394,414,,2,
12/10/2027,Fri,449,333,287,449,303,574,394,303,303,394,287,394,574,287,479,574,,2,
12/11/2027,Sat,449,333,287,449,303,574,394,303,303,394,287,394,574,287,479,574,,2,
12/12/2027,Sun,379,314,259,379,279,414,333,279,279,333,259,333,414,259,394,414,,2,
12/13/2027,Mon,329,288,219,329,244,339,304,244,244,304,219,304,339,219,309,339,,2,
12/14/2027,Tue,329,288,219,329,244,339,304,244,244,304,219,304,339,219,309,339,,2,
12/15/2027,Wed,329,288,219,329,244,339,304,244,244,304,219,304,339,219,309,339,,2,
12/16/2027,Thu,379,314,259,379,279,414,333,279,279,333,259,333,414,259,394,414,,2,
12/17/2027,Fri,674,500,431,674,455,861,591,455,455,591,431,591,861,431,719,861,Pre-XMAS ,2,
12/18/2027,Sat,674,500,431,674,455,861,591,455,455,591,431,591,861,431,719,861,Pre-XMAS,2,
12/19/2027,Sun,569,471,389,569,419,621,500,419,419,500,389,500,621,389,591,621,Pre-XMAS ,2,
12/20/2027,Mon,494,432,329,494,366,509,456,366,366,456,329,456,509,329,464,509,Pre-XMAS ,2,
12/21/2027,Tue,494,432,329,494,366,509,456,366,366,456,329,456,509,329,464,509,Pre-XMAS,2,
12/22/2027,Wed,494,432,329,494,366,509,456,366,366,456,329,456,509,329,464,509,Pre-XMAS ,2,
12/23/2027,Thu,569,471,389,569,419,621,500,419,419,500,389,500,621,389,591,621,Pre-XMAS ,2,
12/24/2027,Fri,1572,1166,1005,1572,1061,2009,1379,1061,1061,1379,1005,1379,2009,1005,1677,2009,XMAS,2,
12/25/2027,Sat,1572,1166,1005,1572,1061,2009,1379,1061,1061,1379,1005,1379,2009,1005,1677,2009,XMAS,2,
12/26/2027,Sun,1572,1166,1005,1572,1061,2009,1379,1061,1061,1379,1005,1379,2009,1005,1677,2009,XMAS,2,
12/27/2027,Mon,329,288,219,329,244,339,304,244,244,304,219,304,339,219,309,339,,2,
12/28/2027,Tue,329,288,219,329,244,339,304,244,244,304,219,304,339,219,309,339,,2,
12/29/2027,Wed,329,288,219,329,244,339,304,244,244,304,219,304,339,219,309,339,,2,
12/30/2027,Thu,1729,1282,1105,1729,1167,2210,1517,1167,1167,1517,1105,1517,2210,1105,1844,2210,NYE,2,
12/31/2027,Fri,1729,1282,1105,1729,1167,2210,1517,1167,1167,1517,1105,1517,2210,1105,1844,2210,NYE,2,
1/1/2028,Sat,1729,1282,1105,1729,1167,2210,1517,1167,1167,1517,1105,1517,2210,1105,1844,2210,NYE,2,
1/2/2028,Sun,864,641,552,864,583,1105,758,583,583,758,552,758,1105,552,922,1105,NYE,2,
1/3/2028,Mon,443,374,288,443,336,469,389,336,336,389,288,389,469,288,446,469,,2,
1/4/2028,Tue,443,374,288,443,336,469,389,336,336,389,288,389,469,288,446,469,,2,
1/5/2028,Wed,443,374,288,443,336,469,389,336,336,389,288,389,469,288,446,469,,2,
1/6/2028,Thu,503,455,371,503,419,593,473,419,419,473,371,473,593,371,533,593,,2,
1/7/2028,Fri,599,533,449,599,485,714,569,485,485,569,449,569,714,449,641,714,,2,
1/8/2028,Sat,599,533,449,599,485,714,569,485,485,569,449,569,714,449,533,714,,2,
1/9/2028,Sun,503,455,371,503,419,593,473,419,419,473,371,473,593,371,750,593,,2,